Paper_ID,Title,Identified_Gap,TriNetra_Solution,Module_Impact
TRINETRA_0085,A circular reverse logistics framework for handling e-commerce returns,"Optimizes reverse logistics infrastructure but fails to address return fraud detection, evidence verification, and consumer trust preservation.","TriNetra addresses this by providing optimizes reverse logistics infrastructure but fails to address return fraud detection, evidence verification, and consumer trust preservation.",Explainability; Marketplace Dashboard
TRINETRA_0001,Preventing Return Fraud in Reverse Logistics—A Case Study of ESPRES Solution by Ethereum,"Focuses on isolated fraud detection without integrating multi-stakeholder evidence (customer photos, courier tracking, warehouse scans) into an explainable case timeline.","TriNetra addresses this by providing replacing with isolated fraud detection without integrating multi-stakeholder evidence (customer photos, courier tracking, warehouse scans) into an explainable case timeline.",Evidence Collection; Evidence Consistency
TRINETRA_0125,Who Is Next? A Study on Victims of Financial Fraud in Japan,"Does not provide an end-to-end evidence-driven, explainable dispute resolution platform.","TriNetra addresses this by providing does not provide an end-to-end evidence-driven, explainable dispute resolution platform.",Marketplace Dashboard; Trust Intelligence
TRINETRA_0197,E-Commerce Dispute Resolution Prediction,"Examines consumer trust conceptually without providing an automated, transparent evidence verification engine for dispute resolution.","TriNetra addresses this by providing examines consumer trust conceptually without providing an automated, transparent evidence verification engine for dispute resolution.",Case Timeline; Marketplace Dashboard
TRINETRA_0095,The billion-pound question in fashion E-commerce: Investigating the anatomy of returns,"Optimizes reverse logistics infrastructure but fails to address return fraud detection, evidence verification, and consumer trust preservation.","TriNetra addresses this by providing optimizes reverse logistics infrastructure but fails to address return fraud detection, evidence verification, and consumer trust preservation.",Evidence Collection; Marketplace Dashboard
TRINETRA_0083,"Explainable AI is Dead, Long Live Explainable AI!","Examines consumer trust conceptually without providing an automated, transparent evidence verification engine for dispute resolution.","TriNetra addresses this by providing examines consumer trust conceptually without providing an automated, transparent evidence verification engine for dispute resolution.",Evidence Collection; Trust Intelligence
TRINETRA_0092,"Customer Experiences with E-commerce Returns in Bangladesh: Effects on Satisfaction, Trust, and Loyalty","Optimizes reverse logistics infrastructure but fails to address return fraud detection, evidence verification, and consumer trust preservation.","TriNetra addresses this by providing optimizes reverse logistics infrastructure but fails to address return fraud detection, evidence verification, and consumer trust preservation.",Trust Intelligence
TRINETRA_0205,The Development of New Technology Intergration in E-commerce Dispute Resolution in Vietnam,"Does not provide an end-to-end evidence-driven, explainable dispute resolution platform.","TriNetra addresses this by providing does not provide an end-to-end evidence-driven, explainable dispute resolution platform.",Case Timeline
TRINETRA_0210,The Future of Online Dispute Resolution: Building A Framework for E-Commerce Dispute Resolution in Indonesia,"Does not provide an end-to-end evidence-driven, explainable dispute resolution platform.","TriNetra addresses this by providing does not provide an end-to-end evidence-driven, explainable dispute resolution platform.",Case Timeline
TRINETRA_0206,Online Arbitration in E-Commerce Dispute Resolution During the Pandemic Covid-19,"Does not provide an end-to-end evidence-driven, explainable dispute resolution platform.","TriNetra addresses this by providing does not provide an end-to-end evidence-driven, explainable dispute resolution platform.",Case Timeline; Human Review
TRINETRA_0089,A Reverse Logistics Network Model for Handling E-commerce Returns,"Optimizes reverse logistics infrastructure but fails to address return fraud detection, evidence verification, and consumer trust preservation.","TriNetra addresses this by providing optimizes reverse logistics infrastructure but fails to address return fraud detection, evidence verification, and consumer trust preservation.",Marketplace Dashboard
TRINETRA_0502,Exploring Apparel E-Commerce Unethical Return Experience: A Cross-Country Study,"Optimizes reverse logistics infrastructure but fails to address return fraud detection, evidence verification, and consumer trust preservation.","TriNetra addresses this by providing optimizes reverse logistics infrastructure but fails to address return fraud detection, evidence verification, and consumer trust preservation.",Evidence Consistency
TRINETRA_0281,Adaptive machine learning models: Concepts for real-time financial fraud prevention in dynamic environments,"Examines consumer trust conceptually without providing an automated, transparent evidence verification engine for dispute resolution.","TriNetra addresses this by providing examines consumer trust conceptually without providing an automated, transparent evidence verification engine for dispute resolution.",Adaptive Verification; Trust Intelligence
TRINETRA_0123,Refund fraud analytics for an online retail purchases,"Focuses on isolated fraud detection without integrating multi-stakeholder evidence (customer photos, courier tracking, warehouse scans) into an explainable case timeline.","TriNetra addresses this by providing replacing with isolated fraud detection without integrating multi-stakeholder evidence (customer photos, courier tracking, warehouse scans) into an explainable case timeline.",Marketplace Dashboard; Trust Intelligence
TRINETRA_0497,"“Buy, wear, return, repeat”: Investigating Chinese consumers' attitude and intentions to engage in wardrobing","Focuses on isolated fraud detection without integrating multi-stakeholder evidence (customer photos, courier tracking, warehouse scans) into an explainable case timeline.","TriNetra addresses this by providing replacing with isolated fraud detection without integrating multi-stakeholder evidence (customer photos, courier tracking, warehouse scans) into an explainable case timeline.",Evidence Consistency
TRINETRA_0431,Research on E-Commerce Platforms’ Return Policies Considering Consumers Abusing Return Policies,"Optimizes reverse logistics infrastructure but fails to address return fraud detection, evidence verification, and consumer trust preservation.","TriNetra addresses this by providing optimizes reverse logistics infrastructure but fails to address return fraud detection, evidence verification, and consumer trust preservation.",Marketplace Dashboard
TRINETRA_0201,SELECTION OF RATIONAL DISPUTE RESOLUTION METHOD BY APPLYING NEW STEP‐WISE WEIGHT ASSESSMENT RATIO ANALYSIS (SWARA),"Does not provide an end-to-end evidence-driven, explainable dispute resolution platform.","TriNetra addresses this by providing does not provide an end-to-end evidence-driven, explainable dispute resolution platform.",Case Timeline; Explainability
TRINETRA_0036,Reverse logistics and closed-loop supply chain: A comprehensive review to explore the future,"Optimizes reverse logistics infrastructure but fails to address return fraud detection, evidence verification, and consumer trust preservation.","TriNetra addresses this by providing optimizes reverse logistics infrastructure but fails to address return fraud detection, evidence verification, and consumer trust preservation.",Marketplace Dashboard
TRINETRA_0350,"Values in Land: Fiscal Pressures, Land Disputes and Justice Claims in Rural and Peri-urban China","Does not provide an end-to-end evidence-driven, explainable dispute resolution platform.","TriNetra addresses this by providing does not provide an end-to-end evidence-driven, explainable dispute resolution platform.",Evidence Collection; Case Timeline
TRINETRA_0271,The impact of fraud prevention on bank‐customer relationships,"Examines consumer trust conceptually without providing an automated, transparent evidence verification engine for dispute resolution.","TriNetra addresses this by providing examines consumer trust conceptually without providing an automated, transparent evidence verification engine for dispute resolution.",Trust Intelligence
TRINETRA_0122,How to Combat Value-Added Tax Refund Fraud,"Does not provide an end-to-end evidence-driven, explainable dispute resolution platform.","TriNetra addresses this by providing does not provide an end-to-end evidence-driven, explainable dispute resolution platform.",Marketplace Dashboard; Trust Intelligence
TRINETRA_0152,"Service Quality, Customer Satisfaction, Customer Trust, and Loyalty in an E-Banking Context","Examines consumer trust conceptually without providing an automated, transparent evidence verification engine for dispute resolution.","TriNetra addresses this by providing examines consumer trust conceptually without providing an automated, transparent evidence verification engine for dispute resolution.",Trust Intelligence
TRINETRA_0124,Refund Fraud? Real-Time Solution!,"Focuses on isolated fraud detection without integrating multi-stakeholder evidence (customer photos, courier tracking, warehouse scans) into an explainable case timeline.","TriNetra addresses this by providing replacing with isolated fraud detection without integrating multi-stakeholder evidence (customer photos, courier tracking, warehouse scans) into an explainable case timeline.",Marketplace Dashboard; Trust Intelligence
TRINETRA_0142,The Relationship between Customer Satisfaction and Customer Trust on Customer Loyalty,"Examines consumer trust conceptually without providing an automated, transparent evidence verification engine for dispute resolution.","TriNetra addresses this by providing examines consumer trust conceptually without providing an automated, transparent evidence verification engine for dispute resolution.",Trust Intelligence
TRINETRA_0144,"How to repair customer trust after negative publicity: The roles of competence, integrity, benevolence, and forgiveness","Examines consumer trust conceptually without providing an automated, transparent evidence verification engine for dispute resolution.","TriNetra addresses this by providing examines consumer trust conceptually without providing an automated, transparent evidence verification engine for dispute resolution.",Trust Intelligence
TRINETRA_0479,Consumer protection and electronic commerce in the Sultanate of Oman,"Examines consumer trust conceptually without providing an automated, transparent evidence verification engine for dispute resolution.","TriNetra addresses this by providing examines consumer trust conceptually without providing an automated, transparent evidence verification engine for dispute resolution.",Trust Intelligence; Case Timeline
TRINETRA_0820,Jurisdiction in B2C E-Commerce Dispute within European Union,"Does not provide an end-to-end evidence-driven, explainable dispute resolution platform.","TriNetra addresses this by providing does not provide an end-to-end evidence-driven, explainable dispute resolution platform.",Case Timeline
TRINETRA_0175,Optimal Retail Return Policies with Wardrobing,"Optimizes reverse logistics infrastructure but fails to address return fraud detection, evidence verification, and consumer trust preservation.","TriNetra addresses this by providing optimizes reverse logistics infrastructure but fails to address return fraud detection, evidence verification, and consumer trust preservation.",Evidence Consistency
TRINETRA_0147,The impact of corporate social responsibility (CSR) and customer trust on the restoration of loyalty after service failure and recovery,"Examines consumer trust conceptually without providing an automated, transparent evidence verification engine for dispute resolution.","TriNetra addresses this by providing examines consumer trust conceptually without providing an automated, transparent evidence verification engine for dispute resolution.",Trust Intelligence
TRINETRA_0406,Online dispute resolution: The future of justice,"Does not provide an end-to-end evidence-driven, explainable dispute resolution platform.","TriNetra addresses this by providing does not provide an end-to-end evidence-driven, explainable dispute resolution platform.",Case Timeline; Human Review
TRINETRA_0413,Online Dispute Resolution: Consumer Redress in a Global Market Place,"Does not provide an end-to-end evidence-driven, explainable dispute resolution platform.","TriNetra addresses this by providing does not provide an end-to-end evidence-driven, explainable dispute resolution platform.",Case Timeline
TRINETRA_0088,Towards Minimizing e-Commerce Returns for Clothing,"Optimizes reverse logistics infrastructure but fails to address return fraud detection, evidence verification, and consumer trust preservation.","TriNetra addresses this by providing optimizes reverse logistics infrastructure but fails to address return fraud detection, evidence verification, and consumer trust preservation.",Evidence Collection
TRINETRA_0471,Integrating BIM in Construction Dispute Resolution: Development of a Contractual Framework,"Does not provide an end-to-end evidence-driven, explainable dispute resolution platform.","TriNetra addresses this by providing does not provide an end-to-end evidence-driven, explainable dispute resolution platform.",Case Timeline
TRINETRA_0171,Consumer Return Policies in Omnichannel Operations,"Optimizes reverse logistics infrastructure but fails to address return fraud detection, evidence verification, and consumer trust preservation.","TriNetra addresses this by providing optimizes reverse logistics infrastructure but fails to address return fraud detection, evidence verification, and consumer trust preservation.",Marketplace Dashboard; Trust Intelligence
TRINETRA_0176,Optimal Trade‐in Return Policies: Is it Wise to be Generous? <sup/>,"Optimizes reverse logistics infrastructure but fails to address return fraud detection, evidence verification, and consumer trust preservation.","TriNetra addresses this by providing optimizes reverse logistics infrastructure but fails to address return fraud detection, evidence verification, and consumer trust preservation.",Marketplace Dashboard; Trust Intelligence
TRINETRA_0169,Customer Return Policies for Experience Goods,"Optimizes reverse logistics infrastructure but fails to address return fraud detection, evidence verification, and consumer trust preservation.","TriNetra addresses this by providing optimizes reverse logistics infrastructure but fails to address return fraud detection, evidence verification, and consumer trust preservation.",Marketplace Dashboard; Trust Intelligence
TRINETRA_0473,Blockchain-Based Dispute Resolution: Insights and Challenges,"Does not provide an end-to-end evidence-driven, explainable dispute resolution platform.","TriNetra addresses this by providing does not provide an end-to-end evidence-driven, explainable dispute resolution platform.",Evidence Collection; Case Timeline
TRINETRA_0158,Building Effective Online Marketplaces with Institution-Based Trust,"Examines consumer trust conceptually without providing an automated, transparent evidence verification engine for dispute resolution.","TriNetra addresses this by providing examines consumer trust conceptually without providing an automated, transparent evidence verification engine for dispute resolution.",Trust Intelligence; Marketplace Dashboard
TRINETRA_0295,Returns operations in omnichannel retailing with buy-online-and-return-to-store,"Optimizes reverse logistics infrastructure but fails to address return fraud detection, evidence verification, and consumer trust preservation.","TriNetra addresses this by providing optimizes reverse logistics infrastructure but fails to address return fraud detection, evidence verification, and consumer trust preservation.",Marketplace Dashboard; Trust Intelligence
TRINETRA_0343,Alternative Dispute Resolution Processes within the Framework of the World‐Wide Access‐to‐Justice Movement,"Does not provide an end-to-end evidence-driven, explainable dispute resolution platform.","TriNetra addresses this by providing does not provide an end-to-end evidence-driven, explainable dispute resolution platform.",Case Timeline
TRINETRA_0414,ONLINE DISPUTE RESOLUTION AND JUSTICE SYSTEM INTEGRATION: BRITISH COLUMBIA’S CIVIL RESOLUTION TRIBUNAL,"Does not provide an end-to-end evidence-driven, explainable dispute resolution platform.","TriNetra addresses this by providing does not provide an end-to-end evidence-driven, explainable dispute resolution platform.",Case Timeline
TRINETRA_0198,Unleashing Alternative Dispute Resolution (ADR) in Resolving Complex Legal- Technical Issues Arising in Cyberspace Lensing E-Commerce and Intellectual Property: Proliferation of E-Commerce Digital Economy,"Does not provide an end-to-end evidence-driven, explainable dispute resolution platform.","TriNetra addresses this by providing does not provide an end-to-end evidence-driven, explainable dispute resolution platform.",Case Timeline; Human Review
TRINETRA_0199,Redress and Alternative Dispute Resolution in EU Cross-Border E-Commerce Transactions1,"Does not provide an end-to-end evidence-driven, explainable dispute resolution platform.","TriNetra addresses this by providing does not provide an end-to-end evidence-driven, explainable dispute resolution platform.",Case Timeline
TRINETRA_0339,Online dispute resolution: an artificial intelligence perspective,"Does not provide an end-to-end evidence-driven, explainable dispute resolution platform.","TriNetra addresses this by providing does not provide an end-to-end evidence-driven, explainable dispute resolution platform.",Case Timeline
TRINETRA_0204,ONLINE DISPUTE RESOLUTION (ODR): PROSPEK PENYELESAIAN SENGKETA E-COMMERCE DI INDONESIA,"Does not provide an end-to-end evidence-driven, explainable dispute resolution platform.","TriNetra addresses this by providing does not provide an end-to-end evidence-driven, explainable dispute resolution platform.",Case Timeline
TRINETRA_0203,Online dispute resolution in e-commerce: is consensus in regulation UNCITRAL’s utopian idea or a realistic ambition?,"Examines consumer trust conceptually without providing an automated, transparent evidence verification engine for dispute resolution.","TriNetra addresses this by providing examines consumer trust conceptually without providing an automated, transparent evidence verification engine for dispute resolution.",Case Timeline; Marketplace Dashboard
TRINETRA_0303,New insights in online fashion retail returns from a customers’ perspective and their dynamics,"Optimizes reverse logistics infrastructure but fails to address return fraud detection, evidence verification, and consumer trust preservation.","TriNetra addresses this by providing optimizes reverse logistics infrastructure but fails to address return fraud detection, evidence verification, and consumer trust preservation.",Marketplace Dashboard
TRINETRA_0202,Electronically-Mediated Dispute Resolution and E-Commerce,"Examines consumer trust conceptually without providing an automated, transparent evidence verification engine for dispute resolution.","TriNetra addresses this by providing examines consumer trust conceptually without providing an automated, transparent evidence verification engine for dispute resolution.",Trust Intelligence; Case Timeline
TRINETRA_0208,Online Dispute Resolution for Consumers in the European Union,"Examines consumer trust conceptually without providing an automated, transparent evidence verification engine for dispute resolution.","TriNetra addresses this by providing examines consumer trust conceptually without providing an automated, transparent evidence verification engine for dispute resolution.",Trust Intelligence; Case Timeline
TRINETRA_0037,AN EXAMINATION OF REVERSE LOGISTICS PRACTICES,"Optimizes reverse logistics infrastructure but fails to address return fraud detection, evidence verification, and consumer trust preservation.","TriNetra addresses this by providing optimizes reverse logistics infrastructure but fails to address return fraud detection, evidence verification, and consumer trust preservation.",Marketplace Dashboard
TRINETRA_0038,Developing a Theory of Reverse Logistics,"Optimizes reverse logistics infrastructure but fails to address return fraud detection, evidence verification, and consumer trust preservation.","TriNetra addresses this by providing optimizes reverse logistics infrastructure but fails to address return fraud detection, evidence verification, and consumer trust preservation.",Marketplace Dashboard
TRINETRA_0039,Reverse logistics and social sustainability,"Optimizes reverse logistics infrastructure but fails to address return fraud detection, evidence verification, and consumer trust preservation.","TriNetra addresses this by providing optimizes reverse logistics infrastructure but fails to address return fraud detection, evidence verification, and consumer trust preservation.",Marketplace Dashboard
TRINETRA_0041,Returnable containers: an example of reverse logistics,"Optimizes reverse logistics infrastructure but fails to address return fraud detection, evidence verification, and consumer trust preservation.","TriNetra addresses this by providing optimizes reverse logistics infrastructure but fails to address return fraud detection, evidence verification, and consumer trust preservation.",Marketplace Dashboard
TRINETRA_0042,Differences between forward and reverse logistics in a retail environment,"Optimizes reverse logistics infrastructure but fails to address return fraud detection, evidence verification, and consumer trust preservation.","TriNetra addresses this by providing optimizes reverse logistics infrastructure but fails to address return fraud detection, evidence verification, and consumer trust preservation.",Marketplace Dashboard
TRINETRA_0051,A Trust Model for Consumer Internet Shopping,"Examines consumer trust conceptually without providing an automated, transparent evidence verification engine for dispute resolution.","TriNetra addresses this by providing examines consumer trust conceptually without providing an automated, transparent evidence verification engine for dispute resolution.",Trust Intelligence; Marketplace Dashboard
TRINETRA_0044,Characteristics of the research on reverse logistics (1995–2005),"Optimizes reverse logistics infrastructure but fails to address return fraud detection, evidence verification, and consumer trust preservation.","TriNetra addresses this by providing optimizes reverse logistics infrastructure but fails to address return fraud detection, evidence verification, and consumer trust preservation.",Marketplace Dashboard
TRINETRA_0817,ONLINE DISPUTE RESOLUTION: POST-PANDEMIC EFFECTIVENESS AND EQUITY ISSUES -A COMPARATIVE ANALYSIS,"Does not provide an end-to-end evidence-driven, explainable dispute resolution platform.","TriNetra addresses this by providing does not provide an end-to-end evidence-driven, explainable dispute resolution platform.",Case Timeline
TRINETRA_0818,Dispute Resolution Mechanisms in Electronic Commerce(Special Reference to Online Dispute Resolution Mechanism),"Does not provide an end-to-end evidence-driven, explainable dispute resolution platform.","TriNetra addresses this by providing does not provide an end-to-end evidence-driven, explainable dispute resolution platform.",Case Timeline
TRINETRA_0814,First Resort: Alternative Dispute Resolution for Breach of Verbal Purchase Agreements,"Does not provide an end-to-end evidence-driven, explainable dispute resolution platform.","TriNetra addresses this by providing does not provide an end-to-end evidence-driven, explainable dispute resolution platform.",Evidence Collection; Case Timeline
TRINETRA_0819,Online dispute resolution in Indonesian e-commerce: Arbitration law and shariah consumer protection,"Does not provide an end-to-end evidence-driven, explainable dispute resolution platform.","TriNetra addresses this by providing does not provide an end-to-end evidence-driven, explainable dispute resolution platform.",Case Timeline; Human Review
TRINETRA_0816,DISPUTE RESOLUTION THROUGH ARBITRATION IN SALE AND PURCHASE AGREEMENT,"Does not provide an end-to-end evidence-driven, explainable dispute resolution platform.","TriNetra addresses this by providing does not provide an end-to-end evidence-driven, explainable dispute resolution platform.",Case Timeline; Human Review
TRINETRA_0815,Quo Vadis Consumer Dispute Resolution? UK &amp; EU cross border consumer dispute resolution in the post Brexit landscape,"Does not provide an end-to-end evidence-driven, explainable dispute resolution platform.","TriNetra addresses this by providing does not provide an end-to-end evidence-driven, explainable dispute resolution platform.",Case Timeline
TRINETRA_0207,Universal standards for the concept of trust in online dispute resolution systems in e-commerce disputes,"Examines consumer trust conceptually without providing an automated, transparent evidence verification engine for dispute resolution.","TriNetra addresses this by providing examines consumer trust conceptually without providing an automated, transparent evidence verification engine for dispute resolution.",Trust Intelligence; Case Timeline
TRINETRA_0181,Fresh food online shopping repurchase intention: the role of post-purchase customer experience and corporate image,"Does not provide an end-to-end evidence-driven, explainable dispute resolution platform.","TriNetra addresses this by providing does not provide an end-to-end evidence-driven, explainable dispute resolution platform.",Marketplace Dashboard; Trust Intelligence
TRINETRA_0498,5GARderobe: A Scalable Real-Time Virtual Wardrobe &amp; E-Commerce Solution,"Optimizes reverse logistics infrastructure but fails to address return fraud detection, evidence verification, and consumer trust preservation.","TriNetra addresses this by providing optimizes reverse logistics infrastructure but fails to address return fraud detection, evidence verification, and consumer trust preservation.",Marketplace Dashboard; Trust Intelligence
TRINETRA_0507,Toward a conceptualization of personalized services in apparel e-commerce fulfillment,"Does not provide an end-to-end evidence-driven, explainable dispute resolution platform.","TriNetra addresses this by providing does not provide an end-to-end evidence-driven, explainable dispute resolution platform.",Evidence Collection; Adaptive Verification
TRINETRA_0462,Let's Work It Out (or We'll See You in Court): Litigation and Private Dispute Resolution in Vertical Exchange Relationships,"Does not provide an end-to-end evidence-driven, explainable dispute resolution platform.","TriNetra addresses this by providing does not provide an end-to-end evidence-driven, explainable dispute resolution platform.",Evidence Collection; Case Timeline
TRINETRA_0464,Improving Dispute Resolution in Two-Sided Platforms: The Case of Review Blackmail,"Does not provide an end-to-end evidence-driven, explainable dispute resolution platform.","TriNetra addresses this by providing does not provide an end-to-end evidence-driven, explainable dispute resolution platform.",Case Timeline; Marketplace Dashboard
TRINETRA_0467,"Courts, Clans and Companies: Mobile Money and Dispute Resolution in Somaliland","Examines consumer trust conceptually without providing an automated, transparent evidence verification engine for dispute resolution.","TriNetra addresses this by providing examines consumer trust conceptually without providing an automated, transparent evidence verification engine for dispute resolution.",Trust Intelligence; Case Timeline
TRINETRA_0466,An Introduction to Alternative Dispute Resolution,"Does not provide an end-to-end evidence-driven, explainable dispute resolution platform.","TriNetra addresses this by providing does not provide an end-to-end evidence-driven, explainable dispute resolution platform.",Case Timeline
TRINETRA_0043,Reverse Logistics in Plastics Recycling,"Optimizes reverse logistics infrastructure but fails to address return fraud detection, evidence verification, and consumer trust preservation.","TriNetra addresses this by providing optimizes reverse logistics infrastructure but fails to address return fraud detection, evidence verification, and consumer trust preservation.",Marketplace Dashboard
TRINETRA_0468,Dispute Resolution in Transnational Securities Transactions,"Does not provide an end-to-end evidence-driven, explainable dispute resolution platform.","TriNetra addresses this by providing does not provide an end-to-end evidence-driven, explainable dispute resolution platform.",Case Timeline; Human Review
TRINETRA_0308,The Value of Fit Information in Online Retail: Evidence from a Randomized Field Experiment,"Optimizes reverse logistics infrastructure but fails to address return fraud detection, evidence verification, and consumer trust preservation.","TriNetra addresses this by providing optimizes reverse logistics infrastructure but fails to address return fraud detection, evidence verification, and consumer trust preservation.",Evidence Collection
TRINETRA_0267,Explainable Recommendation through Attentive Multi-View Learning,Proposes generic explainability without tailoring explanations for multi-stakeholder e-commerce dispute resolution.,TriNetra addresses this by providing proposes generic explainability without tailoring explanations for multi-stakeholder e-commerce dispute resolution.,Explainability
TRINETRA_0254,Reinforcement Knowledge Graph Reasoning for Explainable Recommendation,"Does not provide an end-to-end evidence-driven, explainable dispute resolution platform.","TriNetra addresses this by providing does not provide an end-to-end evidence-driven, explainable dispute resolution platform.",Explainability
TRINETRA_0070,Questioning the AI: Informing Design Practices for Explainable AI User Experiences,Proposes generic explainability without tailoring explanations for multi-stakeholder e-commerce dispute resolution.,TriNetra addresses this by providing proposes generic explainability without tailoring explanations for multi-stakeholder e-commerce dispute resolution.,Explainability
TRINETRA_0077,From Machine Learning to Explainable AI,Proposes generic explainability without tailoring explanations for multi-stakeholder e-commerce dispute resolution.,TriNetra addresses this by providing proposes generic explainability without tailoring explanations for multi-stakeholder e-commerce dispute resolution.,Adaptive Verification; Explainability
TRINETRA_0256,Fairness-Aware Explainable Recommendation over Knowledge Graphs,Proposes generic explainability without tailoring explanations for multi-stakeholder e-commerce dispute resolution.,TriNetra addresses this by providing proposes generic explainability without tailoring explanations for multi-stakeholder e-commerce dispute resolution.,Explainability
TRINETRA_0268,Temporal Meta-path Guided Explainable Recommendation,Proposes generic explainability without tailoring explanations for multi-stakeholder e-commerce dispute resolution.,TriNetra addresses this by providing proposes generic explainability without tailoring explanations for multi-stakeholder e-commerce dispute resolution.,Explainability
TRINETRA_0166,Comment based Seller Trust model for E-commerce,"Examines consumer trust conceptually without providing an automated, transparent evidence verification engine for dispute resolution.","TriNetra addresses this by providing examines consumer trust conceptually without providing an automated, transparent evidence verification engine for dispute resolution.",Trust Intelligence
TRINETRA_0082,Explainable AI in Fintech Risk Management,Proposes generic explainability without tailoring explanations for multi-stakeholder e-commerce dispute resolution.,TriNetra addresses this by providing proposes generic explainability without tailoring explanations for multi-stakeholder e-commerce dispute resolution.,Explainability
TRINETRA_0081,Diabetes prediction using machine learning and explainable AI techniques,Proposes generic explainability without tailoring explanations for multi-stakeholder e-commerce dispute resolution.,TriNetra addresses this by providing proposes generic explainability without tailoring explanations for multi-stakeholder e-commerce dispute resolution.,Case Timeline; Explainability
TRINETRA_0258,Counterfactual Explainable Recommendation,Proposes generic explainability without tailoring explanations for multi-stakeholder e-commerce dispute resolution.,TriNetra addresses this by providing proposes generic explainability without tailoring explanations for multi-stakeholder e-commerce dispute resolution.,Explainability
TRINETRA_0257,A Reinforcement Learning Framework for Explainable Recommendation,"Examines consumer trust conceptually without providing an automated, transparent evidence verification engine for dispute resolution.","TriNetra addresses this by providing examines consumer trust conceptually without providing an automated, transparent evidence verification engine for dispute resolution.",Evidence Consistency; Trust Intelligence
TRINETRA_0270,KR-GCN: Knowledge-Aware Reasoning with Graph Convolution Network for Explainable Recommendation,Proposes generic explainability without tailoring explanations for multi-stakeholder e-commerce dispute resolution.,TriNetra addresses this by providing proposes generic explainability without tailoring explanations for multi-stakeholder e-commerce dispute resolution.,Explainability
TRINETRA_0084,Metrics for Explainable AI: Challenges and Prospects,"Examines consumer trust conceptually without providing an automated, transparent evidence verification engine for dispute resolution.","TriNetra addresses this by providing examines consumer trust conceptually without providing an automated, transparent evidence verification engine for dispute resolution.",Trust Intelligence; Explainability
TRINETRA_0404,Trust management through reputation mechanisms,"Does not provide an end-to-end evidence-driven, explainable dispute resolution platform.","TriNetra addresses this by providing does not provide an end-to-end evidence-driven, explainable dispute resolution platform.",Trust Intelligence
TRINETRA_0075,"Toward Human-Understandable, Explainable AI",Proposes generic explainability without tailoring explanations for multi-stakeholder e-commerce dispute resolution.,TriNetra addresses this by providing proposes generic explainability without tailoring explanations for multi-stakeholder e-commerce dispute resolution.,Explainability
TRINETRA_0262,Personalized Transformer for Explainable Recommendation,"Does not provide an end-to-end evidence-driven, explainable dispute resolution platform.","TriNetra addresses this by providing does not provide an end-to-end evidence-driven, explainable dispute resolution platform.",Explainability
TRINETRA_0252,Explicit factor models for explainable recommendation based on phrase-level sentiment analysis,Proposes generic explainability without tailoring explanations for multi-stakeholder e-commerce dispute resolution.,TriNetra addresses this by providing proposes generic explainability without tailoring explanations for multi-stakeholder e-commerce dispute resolution.,Explainability
TRINETRA_0072,Explainable AI (XAI): A systematic meta-survey of current challenges and future opportunities,Proposes generic explainability without tailoring explanations for multi-stakeholder e-commerce dispute resolution.,TriNetra addresses this by providing proposes generic explainability without tailoring explanations for multi-stakeholder e-commerce dispute resolution.,Explainability
TRINETRA_0260,Explainable Recommendation via Multi-Task Learning in Opinionated Text Data,Proposes generic explainability without tailoring explanations for multi-stakeholder e-commerce dispute resolution.,TriNetra addresses this by providing proposes generic explainability without tailoring explanations for multi-stakeholder e-commerce dispute resolution.,Explainability
TRINETRA_0259,Personalized Prompt Learning for Explainable Recommendation,"Examines consumer trust conceptually without providing an automated, transparent evidence verification engine for dispute resolution.","TriNetra addresses this by providing examines consumer trust conceptually without providing an automated, transparent evidence verification engine for dispute resolution.",Trust Intelligence; Explainability
TRINETRA_0253,Learning Heterogeneous Knowledge Base Embeddings for Explainable Recommendation,Proposes generic explainability without tailoring explanations for multi-stakeholder e-commerce dispute resolution.,TriNetra addresses this by providing proposes generic explainability without tailoring explanations for multi-stakeholder e-commerce dispute resolution.,Explainability
TRINETRA_0265,Co-Attentive Multi-Task Learning for Explainable Recommendation,"Examines consumer trust conceptually without providing an automated, transparent evidence verification engine for dispute resolution.","TriNetra addresses this by providing examines consumer trust conceptually without providing an automated, transparent evidence verification engine for dispute resolution.",Trust Intelligence; Explainability
TRINETRA_0076,Explainable AI Methods - A Brief Overview,Proposes generic explainability without tailoring explanations for multi-stakeholder e-commerce dispute resolution.,TriNetra addresses this by providing proposes generic explainability without tailoring explanations for multi-stakeholder e-commerce dispute resolution.,Explainability
TRINETRA_0266,Dynamic Explainable Recommendation Based on Neural Attentive Models,"Examines consumer trust conceptually without providing an automated, transparent evidence verification engine for dispute resolution.","TriNetra addresses this by providing examines consumer trust conceptually without providing an automated, transparent evidence verification engine for dispute resolution.",Trust Intelligence; Explainability
TRINETRA_0165,"An empirical model of salesperson competence, buyer-seller trust and collaboration: the moderating role of technological turbulence and product complexity","Examines consumer trust conceptually without providing an automated, transparent evidence verification engine for dispute resolution.","TriNetra addresses this by providing examines consumer trust conceptually without providing an automated, transparent evidence verification engine for dispute resolution.",Trust Intelligence
TRINETRA_0078,From Anecdotal Evidence to Quantitative Evaluation Methods: A Systematic Review on Evaluating Explainable AI,Proposes generic explainability without tailoring explanations for multi-stakeholder e-commerce dispute resolution.,TriNetra addresses this by providing proposes generic explainability without tailoring explanations for multi-stakeholder e-commerce dispute resolution.,Evidence Collection; Explainability
TRINETRA_0130,How to Manage Value-Added Tax Refunds,"Does not provide an end-to-end evidence-driven, explainable dispute resolution platform.","TriNetra addresses this by providing does not provide an end-to-end evidence-driven, explainable dispute resolution platform.",Marketplace Dashboard; Trust Intelligence
TRINETRA_0134,Big data based fraud risk management at Alibaba,"Does not provide an end-to-end evidence-driven, explainable dispute resolution platform.","TriNetra addresses this by providing does not provide an end-to-end evidence-driven, explainable dispute resolution platform.",Marketplace Dashboard; Trust Intelligence
TRINETRA_0137,Analysis and Evaluation of Various Fraud Detection Methods for Electronic Payment Cards Transactions in Big Data,"Does not provide an end-to-end evidence-driven, explainable dispute resolution platform.","TriNetra addresses this by providing does not provide an end-to-end evidence-driven, explainable dispute resolution platform.",Evidence Consistency; Explainability
TRINETRA_0058,Defining Uncertainty: A Conceptual Basis for Uncertainty Management in Model-Based Decision Support,"Does not provide an end-to-end evidence-driven, explainable dispute resolution platform.","TriNetra addresses this by providing does not provide an end-to-end evidence-driven, explainable dispute resolution platform.",Explainability
TRINETRA_0045,"Consumer Trust, Value, and Loyalty in Relational Exchanges","Examines consumer trust conceptually without providing an automated, transparent evidence verification engine for dispute resolution.","TriNetra addresses this by providing examines consumer trust conceptually without providing an automated, transparent evidence verification engine for dispute resolution.",Evidence Collection; Trust Intelligence
TRINETRA_0046,Building consumer trust online,"Examines consumer trust conceptually without providing an automated, transparent evidence verification engine for dispute resolution.","TriNetra addresses this by providing examines consumer trust conceptually without providing an automated, transparent evidence verification engine for dispute resolution.",Trust Intelligence
TRINETRA_0048,Influencer Marketing: How Message Value and Credibility Affect Consumer Trust of Branded Content on Social Media,"Examines consumer trust conceptually without providing an automated, transparent evidence verification engine for dispute resolution.","TriNetra addresses this by providing examines consumer trust conceptually without providing an automated, transparent evidence verification engine for dispute resolution.",Trust Intelligence
TRINETRA_0401,"ADMETlab 3.0: an updated comprehensive online ADMET prediction platform enhanced with broader coverage, improved performance, API functionality and decision support","Does not provide an end-to-end evidence-driven, explainable dispute resolution platform.","TriNetra addresses this by providing does not provide an end-to-end evidence-driven, explainable dispute resolution platform.",Explainability; Marketplace Dashboard
TRINETRA_0047,Consumer Trust in an Internet Store: A Cross-Cultural Validation,"Examines consumer trust conceptually without providing an automated, transparent evidence verification engine for dispute resolution.","TriNetra addresses this by providing examines consumer trust conceptually without providing an automated, transparent evidence verification engine for dispute resolution.",Trust Intelligence; Marketplace Dashboard
TRINETRA_0063,Foundations of Decision Support Systems,"Does not provide an end-to-end evidence-driven, explainable dispute resolution platform.","TriNetra addresses this by providing does not provide an end-to-end evidence-driven, explainable dispute resolution platform.",Explainability
TRINETRA_0148,Effects of customer trust on engagement in live streaming commerce: mediating role of swift guanxi,"Examines consumer trust conceptually without providing an automated, transparent evidence verification engine for dispute resolution.","TriNetra addresses this by providing examines consumer trust conceptually without providing an automated, transparent evidence verification engine for dispute resolution.",Trust Intelligence
TRINETRA_0249,The future of self-driving laboratories: from human in the loop interactive AI to gamification,"Does not provide an end-to-end evidence-driven, explainable dispute resolution platform.","TriNetra addresses this by providing does not provide an end-to-end evidence-driven, explainable dispute resolution platform.",Human Review
TRINETRA_0170,Remote Purchase Environments: The Influence of Return Policy Leniency on Two-Stage Decision Processes,"Optimizes reverse logistics infrastructure but fails to address return fraud detection, evidence verification, and consumer trust preservation.","TriNetra addresses this by providing optimizes reverse logistics infrastructure but fails to address return fraud detection, evidence verification, and consumer trust preservation.",Marketplace Dashboard; Trust Intelligence
TRINETRA_0174,Counteracting Strategic Purchase Deferrals: The Impact of Online Retailers’ Return Policy Decisions,"Optimizes reverse logistics infrastructure but fails to address return fraud detection, evidence verification, and consumer trust preservation.","TriNetra addresses this by providing optimizes reverse logistics infrastructure but fails to address return fraud detection, evidence verification, and consumer trust preservation.",Marketplace Dashboard; Trust Intelligence
TRINETRA_0055,A Foundation for the Study of Group Decision Support Systems,"Does not provide an end-to-end evidence-driven, explainable dispute resolution platform.","TriNetra addresses this by providing does not provide an end-to-end evidence-driven, explainable dispute resolution platform.",Explainability
TRINETRA_0061,A Framework for the Development of Decision Support Systems,"Does not provide an end-to-end evidence-driven, explainable dispute resolution platform.","TriNetra addresses this by providing does not provide an end-to-end evidence-driven, explainable dispute resolution platform.",Explainability
TRINETRA_0151,Gaining Customer Trust: A Conceptual Guide for the Salesperson,"Examines consumer trust conceptually without providing an automated, transparent evidence verification engine for dispute resolution.","TriNetra addresses this by providing examines consumer trust conceptually without providing an automated, transparent evidence verification engine for dispute resolution.",Trust Intelligence
TRINETRA_0157,"The Nature and Role of Feedback Text Comments in Online Marketplaces: Implications for Trust Building, Price Premiums, and Seller Differentiation","Optimizes reverse logistics infrastructure but fails to address return fraud detection, evidence verification, and consumer trust preservation.","TriNetra addresses this by providing optimizes reverse logistics infrastructure but fails to address return fraud detection, evidence verification, and consumer trust preservation.",Evidence Collection; Trust Intelligence
TRINETRA_0345,Judicialization and the Construction of Governance,"Does not provide an end-to-end evidence-driven, explainable dispute resolution platform.","TriNetra addresses this by providing does not provide an end-to-end evidence-driven, explainable dispute resolution platform.",Case Timeline
TRINETRA_0146,The Mediating Role of Customer Trust on Customer Loyalty,"Examines consumer trust conceptually without providing an automated, transparent evidence verification engine for dispute resolution.","TriNetra addresses this by providing examines consumer trust conceptually without providing an automated, transparent evidence verification engine for dispute resolution.",Trust Intelligence
TRINETRA_0139,Building customer trust in mobile commerce,"Examines consumer trust conceptually without providing an automated, transparent evidence verification engine for dispute resolution.","TriNetra addresses this by providing examines consumer trust conceptually without providing an automated, transparent evidence verification engine for dispute resolution.",Trust Intelligence
TRINETRA_0141,The Impact of Customer Trust and Perception of Security Control on the Acceptance of Electronic Commerce,"Examines consumer trust conceptually without providing an automated, transparent evidence verification engine for dispute resolution.","TriNetra addresses this by providing examines consumer trust conceptually without providing an automated, transparent evidence verification engine for dispute resolution.",Trust Intelligence
TRINETRA_0143,Perceived Service Quality and Customer Trust,"Examines consumer trust conceptually without providing an automated, transparent evidence verification engine for dispute resolution.","TriNetra addresses this by providing examines consumer trust conceptually without providing an automated, transparent evidence verification engine for dispute resolution.",Trust Intelligence
TRINETRA_0150,A comprehensive model of customer trust in two retail stores,"Examines consumer trust conceptually without providing an automated, transparent evidence verification engine for dispute resolution.","TriNetra addresses this by providing examines consumer trust conceptually without providing an automated, transparent evidence verification engine for dispute resolution.",Trust Intelligence
TRINETRA_0052,The impact of corporate social responsibility on consumer trust: the case of organic food,"Examines consumer trust conceptually without providing an automated, transparent evidence verification engine for dispute resolution.","TriNetra addresses this by providing examines consumer trust conceptually without providing an automated, transparent evidence verification engine for dispute resolution.",Trust Intelligence
TRINETRA_0099,Forecasting e-commerce consumer returns: a systematic literature review,"Optimizes reverse logistics infrastructure but fails to address return fraud detection, evidence verification, and consumer trust preservation.","TriNetra addresses this by providing optimizes reverse logistics infrastructure but fails to address return fraud detection, evidence verification, and consumer trust preservation.",Marketplace Dashboard
TRINETRA_0209,E-commerce development in rural and remote areas of BRICS countries,"Does not provide an end-to-end evidence-driven, explainable dispute resolution platform.","TriNetra addresses this by providing does not provide an end-to-end evidence-driven, explainable dispute resolution platform.",Case Timeline
TRINETRA_0040,From reversed logistics to green supply chains,"Does not provide an end-to-end evidence-driven, explainable dispute resolution platform.","TriNetra addresses this by providing does not provide an end-to-end evidence-driven, explainable dispute resolution platform.",Evidence Collection; Marketplace Dashboard
TRINETRA_0417,Sustainable Retailing in the Fashion Industry: A Systematic Literature Review,"Optimizes reverse logistics infrastructure but fails to address return fraud detection, evidence verification, and consumer trust preservation.","TriNetra addresses this by providing optimizes reverse logistics infrastructure but fails to address return fraud detection, evidence verification, and consumer trust preservation.",Marketplace Dashboard
TRINETRA_0113,Using case-based reasoning method to design a return merchandise authorization system for supply chain management in Internet of Thing,"Does not provide an end-to-end evidence-driven, explainable dispute resolution platform.","TriNetra addresses this by providing does not provide an end-to-end evidence-driven, explainable dispute resolution platform.",Marketplace Dashboard
TRINETRA_0287,Relationship between auditor integrity and organizational commitment to fraud prevention,"Does not provide an end-to-end evidence-driven, explainable dispute resolution platform.","TriNetra addresses this by providing does not provide an end-to-end evidence-driven, explainable dispute resolution platform.",Evidence Collection
TRINETRA_0280,Effectiveness of Fraud Prevention and Detection Techniques in Malaysian Islamic Banks,"Does not provide an end-to-end evidence-driven, explainable dispute resolution platform.","TriNetra addresses this by providing does not provide an end-to-end evidence-driven, explainable dispute resolution platform.",Marketplace Dashboard; Trust Intelligence
TRINETRA_0289,Fraud Prevention Determinants: A Balinese Cultural Overview,"Does not provide an end-to-end evidence-driven, explainable dispute resolution platform.","TriNetra addresses this by providing does not provide an end-to-end evidence-driven, explainable dispute resolution platform.",Marketplace Dashboard; Trust Intelligence
TRINETRA_0279,Fraud prevention initiatives in the Nigerian public sector,"Examines consumer trust conceptually without providing an automated, transparent evidence verification engine for dispute resolution.","TriNetra addresses this by providing examines consumer trust conceptually without providing an automated, transparent evidence verification engine for dispute resolution.",Trust Intelligence
TRINETRA_0277,Fraud Prevention: Relevance to Religiosity and Spirituality in the Workplace,"Does not provide an end-to-end evidence-driven, explainable dispute resolution platform.","TriNetra addresses this by providing does not provide an end-to-end evidence-driven, explainable dispute resolution platform.",Marketplace Dashboard; Trust Intelligence
TRINETRA_0288,The effect of internal control and anti-fraud awareness on fraud prevention (A survey on inter-governmental organizations),"Does not provide an end-to-end evidence-driven, explainable dispute resolution platform.","TriNetra addresses this by providing does not provide an end-to-end evidence-driven, explainable dispute resolution platform.",Marketplace Dashboard; Trust Intelligence
TRINETRA_0278,Fraud prevention in Malaysian small and medium enterprises (SMEs),"Does not provide an end-to-end evidence-driven, explainable dispute resolution platform.","TriNetra addresses this by providing does not provide an end-to-end evidence-driven, explainable dispute resolution platform.",Marketplace Dashboard; Trust Intelligence
TRINETRA_0272,Corporate governance and information technology in fraud prevention and detection,"Does not provide an end-to-end evidence-driven, explainable dispute resolution platform.","TriNetra addresses this by providing does not provide an end-to-end evidence-driven, explainable dispute resolution platform.",Marketplace Dashboard; Trust Intelligence
TRINETRA_0276,The Effects of Internal Audit Structure on Perceived Financial Statement Fraud Prevention,"Does not provide an end-to-end evidence-driven, explainable dispute resolution platform.","TriNetra addresses this by providing does not provide an end-to-end evidence-driven, explainable dispute resolution platform.",Marketplace Dashboard; Trust Intelligence
TRINETRA_0215,Toward a theory of evidence based decision making,"Does not provide an end-to-end evidence-driven, explainable dispute resolution platform.","TriNetra addresses this by providing does not provide an end-to-end evidence-driven, explainable dispute resolution platform.",Evidence Collection
TRINETRA_0285,GST fraud prevention to ensure business sustainability: a Malaysian case study,"Does not provide an end-to-end evidence-driven, explainable dispute resolution platform.","TriNetra addresses this by providing does not provide an end-to-end evidence-driven, explainable dispute resolution platform.",Evidence Collection
TRINETRA_0282,The influence of whistleblowing system toward fraud prevention,"Does not provide an end-to-end evidence-driven, explainable dispute resolution platform.","TriNetra addresses this by providing does not provide an end-to-end evidence-driven, explainable dispute resolution platform.",Marketplace Dashboard; Trust Intelligence
TRINETRA_0286,Blockchain for Fraud Prevention: A Work-History Fraud Prevention System,"Examines consumer trust conceptually without providing an automated, transparent evidence verification engine for dispute resolution.","TriNetra addresses this by providing examines consumer trust conceptually without providing an automated, transparent evidence verification engine for dispute resolution.",Adaptive Verification; Case Timeline
TRINETRA_0284,The effects of good governance and fraud prevention on performance of the zakat institutions in Indonesia: a Sharīʿah forensic accounting perspective,"Examines consumer trust conceptually without providing an automated, transparent evidence verification engine for dispute resolution.","TriNetra addresses this by providing examines consumer trust conceptually without providing an automated, transparent evidence verification engine for dispute resolution.",Marketplace Dashboard; Trust Intelligence
TRINETRA_0240,Human-in-the-loop machine learning: a state of the art,Proposes generic explainability without tailoring explanations for multi-stakeholder e-commerce dispute resolution.,TriNetra addresses this by providing proposes generic explainability without tailoring explanations for multi-stakeholder e-commerce dispute resolution.,Explainability
TRINETRA_0234,Toward Involving End-users in Interactive Human-in-the-loop AI Fairness,Proposes generic explainability without tailoring explanations for multi-stakeholder e-commerce dispute resolution.,TriNetra addresses this by providing proposes generic explainability without tailoring explanations for multi-stakeholder e-commerce dispute resolution.,Explainability
TRINETRA_0261,Social Collaborative Viewpoint Regression with Explainable Recommendations,Proposes generic explainability without tailoring explanations for multi-stakeholder e-commerce dispute resolution.,TriNetra addresses this by providing proposes generic explainability without tailoring explanations for multi-stakeholder e-commerce dispute resolution.,Explainability
TRINETRA_0385,A survey of methods for explaining black box models,"Does not provide an end-to-end evidence-driven, explainable dispute resolution platform.","TriNetra addresses this by providing does not provide an end-to-end evidence-driven, explainable dispute resolution platform.",Explainability
TRINETRA_0248,The impact of AI errors in a human-in-the-loop process,"Does not provide an end-to-end evidence-driven, explainable dispute resolution platform.","TriNetra addresses this by providing does not provide an end-to-end evidence-driven, explainable dispute resolution platform.",Marketplace Dashboard; Trust Intelligence
TRINETRA_0290,Online retail returns management,"Optimizes reverse logistics infrastructure but fails to address return fraud detection, evidence verification, and consumer trust preservation.","TriNetra addresses this by providing optimizes reverse logistics infrastructure but fails to address return fraud detection, evidence verification, and consumer trust preservation.",Marketplace Dashboard; Trust Intelligence
TRINETRA_0293,On packaging and product returns in online retail—Mailing boxes or sending signals?,"Optimizes reverse logistics infrastructure but fails to address return fraud detection, evidence verification, and consumer trust preservation.","TriNetra addresses this by providing optimizes reverse logistics infrastructure but fails to address return fraud detection, evidence verification, and consumer trust preservation.",Marketplace Dashboard; Trust Intelligence
TRINETRA_0409,Trust in blockchain-enabled exchanges: Future directions in blockchain marketing,"Examines consumer trust conceptually without providing an automated, transparent evidence verification engine for dispute resolution.","TriNetra addresses this by providing examines consumer trust conceptually without providing an automated, transparent evidence verification engine for dispute resolution.",Trust Intelligence
TRINETRA_0235,"Human-in-the-Loop AI Reviewing: Feasibility, Opportunities, and Risks","Does not provide an end-to-end evidence-driven, explainable dispute resolution platform.","TriNetra addresses this by providing does not provide an end-to-end evidence-driven, explainable dispute resolution platform.",Human Review
TRINETRA_0178,Post-purchase shipping and customer service experiences in online shopping and their impact on customer satisfaction,"Optimizes reverse logistics infrastructure but fails to address return fraud detection, evidence verification, and consumer trust preservation.","TriNetra addresses this by providing optimizes reverse logistics infrastructure but fails to address return fraud detection, evidence verification, and consumer trust preservation.",Case Timeline
TRINETRA_0214,From science to action: Principles for undertaking environmental research that enables knowledge exchange and evidence-based decision-making,"Does not provide an end-to-end evidence-driven, explainable dispute resolution platform.","TriNetra addresses this by providing does not provide an end-to-end evidence-driven, explainable dispute resolution platform.",Evidence Collection
TRINETRA_0079,What Does Explainable AI Really Mean? A New Conceptualization of Perspectives,Proposes generic explainability without tailoring explanations for multi-stakeholder e-commerce dispute resolution.,TriNetra addresses this by providing proposes generic explainability without tailoring explanations for multi-stakeholder e-commerce dispute resolution.,Explainability
TRINETRA_0296,Expectations of Returns and Expected Returns,"Optimizes reverse logistics infrastructure but fails to address return fraud detection, evidence verification, and consumer trust preservation.","TriNetra addresses this by providing optimizes reverse logistics infrastructure but fails to address return fraud detection, evidence verification, and consumer trust preservation.",Evidence Collection
TRINETRA_0090,The Impact of E-Commerce Announcements on the Market Value of Firms,"Optimizes reverse logistics infrastructure but fails to address return fraud detection, evidence verification, and consumer trust preservation.","TriNetra addresses this by providing optimizes reverse logistics infrastructure but fails to address return fraud detection, evidence verification, and consumer trust preservation.",Evidence Collection
TRINETRA_0396,The Capital Structure Puzzle,"Optimizes reverse logistics infrastructure but fails to address return fraud detection, evidence verification, and consumer trust preservation.","TriNetra addresses this by providing optimizes reverse logistics infrastructure but fails to address return fraud detection, evidence verification, and consumer trust preservation.",Evidence Collection
TRINETRA_0389,Does Asymmetric Information Drive Capital Structure Decisions?,"Optimizes reverse logistics infrastructure but fails to address return fraud detection, evidence verification, and consumer trust preservation.","TriNetra addresses this by providing optimizes reverse logistics infrastructure but fails to address return fraud detection, evidence verification, and consumer trust preservation.",Evidence Collection
TRINETRA_0325,Fraud Detection using Machine Learning in e-Commerce,"Does not provide an end-to-end evidence-driven, explainable dispute resolution platform.","TriNetra addresses this by providing does not provide an end-to-end evidence-driven, explainable dispute resolution platform.",Evidence Consistency
TRINETRA_0017,Detection Fraud of Financial Statement with Fraud Triangle,"Focuses on isolated fraud detection without integrating multi-stakeholder evidence (customer photos, courier tracking, warehouse scans) into an explainable case timeline.","TriNetra addresses this by providing replacing with isolated fraud detection without integrating multi-stakeholder evidence (customer photos, courier tracking, warehouse scans) into an explainable case timeline.",Evidence Collection
TRINETRA_0375,A Comparison of Online Trust Building Factors between Potential Customers and Repeat Customers,"Examines consumer trust conceptually without providing an automated, transparent evidence verification engine for dispute resolution.","TriNetra addresses this by providing examines consumer trust conceptually without providing an automated, transparent evidence verification engine for dispute resolution.",Trust Intelligence
TRINETRA_0283,Accountants' perceptions regarding fraud detection and prevention methods,"Does not provide an end-to-end evidence-driven, explainable dispute resolution platform.","TriNetra addresses this by providing does not provide an end-to-end evidence-driven, explainable dispute resolution platform.",Evidence Consistency
TRINETRA_0011,VAT fraud and reverse charge: empirical evidence from VAT return data,"Focuses on isolated fraud detection without integrating multi-stakeholder evidence (customer photos, courier tracking, warehouse scans) into an explainable case timeline.","TriNetra addresses this by providing replacing with isolated fraud detection without integrating multi-stakeholder evidence (customer photos, courier tracking, warehouse scans) into an explainable case timeline.",Evidence Collection
TRINETRA_0441,"Responding to Activist Short Sellers: Allegations, Firm Responses, and Outcomes","Optimizes reverse logistics infrastructure but fails to address return fraud detection, evidence verification, and consumer trust preservation.","TriNetra addresses this by providing optimizes reverse logistics infrastructure but fails to address return fraud detection, evidence verification, and consumer trust preservation.",Evidence Collection
TRINETRA_0100,E‐business e‐commerce evolution: perspective and strategy,"Optimizes reverse logistics infrastructure but fails to address return fraud detection, evidence verification, and consumer trust preservation.","TriNetra addresses this by providing optimizes reverse logistics infrastructure but fails to address return fraud detection, evidence verification, and consumer trust preservation.",Evidence Collection
TRINETRA_0400,"Presidential Address: Expected Return, Realized Return, and Asset Pricing Tests","Optimizes reverse logistics infrastructure but fails to address return fraud detection, evidence verification, and consumer trust preservation.","TriNetra addresses this by providing optimizes reverse logistics infrastructure but fails to address return fraud detection, evidence verification, and consumer trust preservation.",Evidence Collection; Case Timeline
TRINETRA_0107,Functional Restoration with Behavioral Support,"Optimizes reverse logistics infrastructure but fails to address return fraud detection, evidence verification, and consumer trust preservation.","TriNetra addresses this by providing optimizes reverse logistics infrastructure but fails to address return fraud detection, evidence verification, and consumer trust preservation.",Evidence Collection
TRINETRA_0216,PRISMA 2020 explanation and elaboration: updated guidance and exemplars for reporting systematic reviews,"Does not provide an end-to-end evidence-driven, explainable dispute resolution platform.","TriNetra addresses this by providing does not provide an end-to-end evidence-driven, explainable dispute resolution platform.",Evidence Collection; Explainability
TRINETRA_0106,The Value of School Facility Investments: Evidence from a Dynamic Regression Discontinuity Design<sup>*</sup>,"Optimizes reverse logistics infrastructure but fails to address return fraud detection, evidence verification, and consumer trust preservation.","TriNetra addresses this by providing optimizes reverse logistics infrastructure but fails to address return fraud detection, evidence verification, and consumer trust preservation.",Evidence Collection
TRINETRA_0184,Online experiences and virtual goods purchase intention,"Optimizes reverse logistics infrastructure but fails to address return fraud detection, evidence verification, and consumer trust preservation.","TriNetra addresses this by providing optimizes reverse logistics infrastructure but fails to address return fraud detection, evidence verification, and consumer trust preservation.",Evidence Collection; Marketplace Dashboard
TRINETRA_0200,E-Commerce Promotional Products Selection Using SWARA and TOPSIS,"Does not provide an end-to-end evidence-driven, explainable dispute resolution platform.","TriNetra addresses this by providing does not provide an end-to-end evidence-driven, explainable dispute resolution platform.",Marketplace Dashboard; Trust Intelligence
TRINETRA_0516,"The Effects of Trust, Perceived Risk, Innovativeness, and Deal Proneness on Consumers’ Purchasing Behavior in the Livestreaming Social Commerce Context","Examines consumer trust conceptually without providing an automated, transparent evidence verification engine for dispute resolution.","TriNetra addresses this by providing examines consumer trust conceptually without providing an automated, transparent evidence verification engine for dispute resolution.",Trust Intelligence; Marketplace Dashboard
TRINETRA_0500,E-commerce Evolution in Asia and the Pacific,"Does not provide an end-to-end evidence-driven, explainable dispute resolution platform.","TriNetra addresses this by providing does not provide an end-to-end evidence-driven, explainable dispute resolution platform.",Marketplace Dashboard
TRINETRA_0179,"Perceived Risk, Anticipated Regret and Post-purchase Experience in the Real Estate Market: The Case of China","Does not provide an end-to-end evidence-driven, explainable dispute resolution platform.","TriNetra addresses this by providing does not provide an end-to-end evidence-driven, explainable dispute resolution platform.",Marketplace Dashboard; Trust Intelligence
TRINETRA_0103,Return merchandize authorization stakeholders and customer requirements management—high-technology products,"Does not provide an end-to-end evidence-driven, explainable dispute resolution platform.","TriNetra addresses this by providing does not provide an end-to-end evidence-driven, explainable dispute resolution platform.",Marketplace Dashboard
TRINETRA_0094,Whether a retailer should enter an e‐commerce platform taking into account consumer returns,"Optimizes reverse logistics infrastructure but fails to address return fraud detection, evidence verification, and consumer trust preservation.","TriNetra addresses this by providing optimizes reverse logistics infrastructure but fails to address return fraud detection, evidence verification, and consumer trust preservation.",Marketplace Dashboard
TRINETRA_0304,The role of physical distribution services as determinants of product returns in Internet retailing,"Optimizes reverse logistics infrastructure but fails to address return fraud detection, evidence verification, and consumer trust preservation.","TriNetra addresses this by providing optimizes reverse logistics infrastructure but fails to address return fraud detection, evidence verification, and consumer trust preservation.",Evidence Consistency
TRINETRA_0512,Virtual Wardrobe: Enhancing Consumer Engagement through Augmented Reality,"Optimizes reverse logistics infrastructure but fails to address return fraud detection, evidence verification, and consumer trust preservation.","TriNetra addresses this by providing optimizes reverse logistics infrastructure but fails to address return fraud detection, evidence verification, and consumer trust preservation.",Marketplace Dashboard; Trust Intelligence
TRINETRA_0195,Consumer Perception of Post-Purchase Experience on Electric Vehicle Owners in Chennai City,"Does not provide an end-to-end evidence-driven, explainable dispute resolution platform.","TriNetra addresses this by providing does not provide an end-to-end evidence-driven, explainable dispute resolution platform.",Marketplace Dashboard; Trust Intelligence
TRINETRA_0185,Multiple roles of consumption emotions in post‐purchase satisfaction with extended service transactions,"Does not provide an end-to-end evidence-driven, explainable dispute resolution platform.","TriNetra addresses this by providing does not provide an end-to-end evidence-driven, explainable dispute resolution platform.",Marketplace Dashboard; Trust Intelligence
TRINETRA_0405,Paradoxes of Public Sector Customer Service,"Does not provide an end-to-end evidence-driven, explainable dispute resolution platform.","TriNetra addresses this by providing does not provide an end-to-end evidence-driven, explainable dispute resolution platform.",Marketplace Dashboard; Trust Intelligence
TRINETRA_0140,"The Different Roles of Satisfaction, Trust, and Commitment in Customer Relationships","Examines consumer trust conceptually without providing an automated, transparent evidence verification engine for dispute resolution.","TriNetra addresses this by providing examines consumer trust conceptually without providing an automated, transparent evidence verification engine for dispute resolution.",Trust Intelligence
TRINETRA_0149,"Comfort your online customer: quality, trust and loyalty on the internet","Examines consumer trust conceptually without providing an automated, transparent evidence verification engine for dispute resolution.","TriNetra addresses this by providing examines consumer trust conceptually without providing an automated, transparent evidence verification engine for dispute resolution.",Trust Intelligence; Marketplace Dashboard
