Paper_ID,Title,Primary_Theme,Secondary_Themes,Relevance_Score,Year
TRINETRA_0085,A circular reverse logistics framework for handling e-commerce returns,Reverse Logistics,Decision Support,35.0,2022
TRINETRA_0001,Preventing Return Fraud in Reverse Logistics—A Case Study of ESPRES Solution by Ethereum,Reverse Logistics,Return Fraud; Marketplace; Evidence Management,35.0,2021
TRINETRA_0125,Who Is Next? A Study on Victims of Financial Fraud in Japan,Risk Assessment,Refund Management,30.0,2021
TRINETRA_0197,E-Commerce Dispute Resolution Prediction,Refund Management,Consumer Trust; Marketplace,29.5,2020
TRINETRA_0095,The billion-pound question in fashion E-commerce: Investigating the anatomy of returns,Reverse Logistics,Evidence Management,29.0,2024
TRINETRA_0083,"Explainable AI is Dead, Long Live Explainable AI!",Decision Support,Transparency; Explainable AI; Human in the Loop,28.5,2023
TRINETRA_0092,"Customer Experiences with E-commerce Returns in Bangladesh: Effects on Satisfaction, Trust, and Loyalty",Refund Management,Return Policy; Transparency,27.0,2024
TRINETRA_0205,The Development of New Technology Intergration in E-commerce Dispute Resolution in Vietnam,Refund Management,Consumer Trust,25.5,2022
TRINETRA_0210,The Future of Online Dispute Resolution: Building A Framework for E-Commerce Dispute Resolution in Indonesia,Refund Management,Transparency,25.5,2021
TRINETRA_0206,Online Arbitration in E-Commerce Dispute Resolution During the Pandemic Covid-19,Refund Management,Consumer Trust,25.5,2021
TRINETRA_0089,A Reverse Logistics Network Model for Handling E-commerce Returns,Reverse Logistics,Decision Support,24.0,2023
TRINETRA_0502,Exploring Apparel E-Commerce Unethical Return Experience: A Cross-Country Study,Return Abuse,Customer Experience,22.0,2024
TRINETRA_0281,Adaptive machine learning models: Concepts for real-time financial fraud prevention in dynamic environments,Risk Assessment,Explainable AI; Transparency; Consumer Trust,21.5,2024
TRINETRA_0123,Refund fraud analytics for an online retail purchases,Refund Management,Marketplace,21.0,2020
TRINETRA_0497,"“Buy, wear, return, repeat”: Investigating Chinese consumers' attitude and intentions to engage in wardrobing",Return Abuse,Return Policy,19.5,2022
TRINETRA_0431,Research on E-Commerce Platforms’ Return Policies Considering Consumers Abusing Return Policies,Return Policy,Consumer Trust,18.0,2023
TRINETRA_0201,SELECTION OF RATIONAL DISPUTE RESOLUTION METHOD BY APPLYING NEW STEP‐WISE WEIGHT ASSESSMENT RATIO ANALYSIS (SWARA),Decision Support,Refund Management,18.0,2010
TRINETRA_0036,Reverse logistics and closed-loop supply chain: A comprehensive review to explore the future,Reverse Logistics,Evidence Management,17.0,2014
TRINETRA_0350,"Values in Land: Fiscal Pressures, Land Disputes and Justice Claims in Rural and Peri-urban China",Refund Management,Evidence Management,16.0,2011
TRINETRA_0271,The impact of fraud prevention on bank‐customer relationships,Marketplace,Consumer Trust; Decision Support,15.5,2012
TRINETRA_0122,How to Combat Value-Added Tax Refund Fraud,Refund Management,Consumer Trust,15.0,2023
TRINETRA_0152,"Service Quality, Customer Satisfaction, Customer Trust, and Loyalty in an E-Banking Context",Consumer Trust,Consumer Trust,15.0,2012
TRINETRA_0124,Refund Fraud? Real-Time Solution!,Refund Management,Consumer Trust,15.0,2012
TRINETRA_0142,The Relationship between Customer Satisfaction and Customer Trust on Customer Loyalty,Consumer Trust,Consumer Trust,15.0,2017
TRINETRA_0144,"How to repair customer trust after negative publicity: The roles of competence, integrity, benevolence, and forgiveness",Consumer Trust,Consumer Trust,15.0,2009
TRINETRA_0479,Consumer protection and electronic commerce in the Sultanate of Oman,Consumer Trust,Refund Management; Transparency,14.0,2020
TRINETRA_0820,Jurisdiction in B2C E-Commerce Dispute within European Union,Marketplace,Consumer Trust; Decision Support,13.5,2008
TRINETRA_0175,Optimal Retail Return Policies with Wardrobing,Return Abuse,Refund Management,13.5,2017
TRINETRA_0147,The impact of corporate social responsibility (CSR) and customer trust on the restoration of loyalty after service failure and recovery,Consumer Trust,Consumer Trust,13.0,2013
TRINETRA_0406,Online dispute resolution: The future of justice,Refund Management,Consumer Trust,12.0,2015
TRINETRA_0413,Online Dispute Resolution: Consumer Redress in a Global Market Place,Refund Management,Transparency,12.0,2006
TRINETRA_0088,Towards Minimizing e-Commerce Returns for Clothing,Marketplace,Consumer Trust; Decision Support,12.0,2019
TRINETRA_0471,Integrating BIM in Construction Dispute Resolution: Development of a Contractual Framework,Refund Management,Consumer Trust,12.0,2022
TRINETRA_0171,Consumer Return Policies in Omnichannel Operations,Return Policy,Refund Management; Reverse Logistics,12.0,2020
TRINETRA_0176,Optimal Trade‐in Return Policies: Is it Wise to be Generous? <sup/>,Refund Management,Return Policy,12.0,2021
TRINETRA_0169,Customer Return Policies for Experience Goods,Return Policy,Consumer Trust,12.0,1996
TRINETRA_0473,Blockchain-Based Dispute Resolution: Insights and Challenges,Refund Management,Evidence Management,12.0,2023
TRINETRA_0158,Building Effective Online Marketplaces with Institution-Based Trust,Marketplace,Consumer Trust,12.0,2004
TRINETRA_0295,Returns operations in omnichannel retailing with buy-online-and-return-to-store,Return Policy,Consumer Trust,12.0,2023
TRINETRA_0343,Alternative Dispute Resolution Processes within the Framework of the World‐Wide Access‐to‐Justice Movement,Refund Management,Consumer Trust,12.0,1993
TRINETRA_0414,ONLINE DISPUTE RESOLUTION AND JUSTICE SYSTEM INTEGRATION: BRITISH COLUMBIA’S CIVIL RESOLUTION TRIBUNAL,Refund Management,Consumer Trust,12.0,2017
TRINETRA_0198,Unleashing Alternative Dispute Resolution (ADR) in Resolving Complex Legal- Technical Issues Arising in Cyberspace Lensing E-Commerce and Intellectual Property: Proliferation of E-Commerce Digital Economy,Refund Management,Consumer Trust,12.0,2023
TRINETRA_0199,Redress and Alternative Dispute Resolution in EU Cross-Border E-Commerce Transactions1,Refund Management,Consumer Trust,12.0,2007
TRINETRA_0339,Online dispute resolution: an artificial intelligence perspective,Refund Management,Consumer Trust,12.0,2012
TRINETRA_0204,ONLINE DISPUTE RESOLUTION (ODR): PROSPEK PENYELESAIAN SENGKETA E-COMMERCE DI INDONESIA,Refund Management,Consumer Trust,12.0,2016
TRINETRA_0203,Online dispute resolution in e-commerce: is consensus in regulation UNCITRAL’s utopian idea or a realistic ambition?,Refund Management,Consumer Trust,12.0,2021
TRINETRA_0303,New insights in online fashion retail returns from a customers’ perspective and their dynamics,Customer Experience,Consumer Trust,12.0,2021
TRINETRA_0202,Electronically-Mediated Dispute Resolution and E-Commerce,Refund Management,Consumer Trust,12.0,2001
TRINETRA_0208,Online Dispute Resolution for Consumers in the European Union,Refund Management,Consumer Trust,12.0,2010
TRINETRA_0037,AN EXAMINATION OF REVERSE LOGISTICS PRACTICES,Reverse Logistics,Consumer Trust,12.0,2001
TRINETRA_0038,Developing a Theory of Reverse Logistics,Reverse Logistics,Consumer Trust,12.0,2000
TRINETRA_0039,Reverse logistics and social sustainability,Reverse Logistics,Consumer Trust,12.0,2010
TRINETRA_0041,Returnable containers: an example of reverse logistics,Reverse Logistics,Consumer Trust,12.0,1995
TRINETRA_0042,Differences between forward and reverse logistics in a retail environment,Reverse Logistics,Consumer Trust,12.0,2002
TRINETRA_0051,A Trust Model for Consumer Internet Shopping,Consumer Trust,Consumer Trust,12.0,2001
TRINETRA_0044,Characteristics of the research on reverse logistics (1995–2005),Reverse Logistics,Consumer Trust,12.0,2006
TRINETRA_0817,ONLINE DISPUTE RESOLUTION: POST-PANDEMIC EFFECTIVENESS AND EQUITY ISSUES -A COMPARATIVE ANALYSIS,Refund Management,Consumer Trust,12.0,2026
TRINETRA_0818,Dispute Resolution Mechanisms in Electronic Commerce(Special Reference to Online Dispute Resolution Mechanism),Refund Management,Consumer Trust,12.0,2011
TRINETRA_0814,First Resort: Alternative Dispute Resolution for Breach of Verbal Purchase Agreements,Refund Management,Evidence Management,12.0,2023
TRINETRA_0819,Online dispute resolution in Indonesian e-commerce: Arbitration law and shariah consumer protection,Refund Management,Transparency,12.0,2026
TRINETRA_0816,DISPUTE RESOLUTION THROUGH ARBITRATION IN SALE AND PURCHASE AGREEMENT,Refund Management,Consumer Trust,12.0,2025
TRINETRA_0815,Quo Vadis Consumer Dispute Resolution? UK &amp; EU cross border consumer dispute resolution in the post Brexit landscape,Refund Management,Consumer Trust,12.0,2022
TRINETRA_0207,Universal standards for the concept of trust in online dispute resolution systems in e-commerce disputes,Refund Management,Consumer Trust,12.0,2019
TRINETRA_0181,Fresh food online shopping repurchase intention: the role of post-purchase customer experience and corporate image,Customer Experience,Consumer Trust,12.0,2021
TRINETRA_0498,5GARderobe: A Scalable Real-Time Virtual Wardrobe &amp; E-Commerce Solution,Marketplace,Customer Experience,12.0,2024
TRINETRA_0507,Toward a conceptualization of personalized services in apparel e-commerce fulfillment,Evidence Management,Customer Experience,12.0,2021
TRINETRA_0462,Let's Work It Out (or We'll See You in Court): Litigation and Private Dispute Resolution in Vertical Exchange Relationships,Refund Management,Evidence Management,12.0,2011
TRINETRA_0464,Improving Dispute Resolution in Two-Sided Platforms: The Case of Review Blackmail,Refund Management,Consumer Trust,12.0,2023
TRINETRA_0467,"Courts, Clans and Companies: Mobile Money and Dispute Resolution in Somaliland",Refund Management,Consumer Trust,12.0,2015
TRINETRA_0466,An Introduction to Alternative Dispute Resolution,Refund Management,Consumer Trust,12.0,1995
TRINETRA_0043,Reverse Logistics in Plastics Recycling,Reverse Logistics,Consumer Trust,12.0,1992
TRINETRA_0468,Dispute Resolution in Transnational Securities Transactions,Refund Management,Consumer Trust,12.0,2017
TRINETRA_0308,The Value of Fit Information in Online Retail: Evidence from a Randomized Field Experiment,Marketplace,Evidence Management,11.0,2018
TRINETRA_0267,Explainable Recommendation through Attentive Multi-View Learning,Explainable AI,Transparency,10.5,2019
TRINETRA_0254,Reinforcement Knowledge Graph Reasoning for Explainable Recommendation,Explainable AI,Transparency; Decision Support,10.5,2019
TRINETRA_0070,Questioning the AI: Informing Design Practices for Explainable AI User Experiences,Explainable AI,Transparency,10.5,2020
TRINETRA_0077,From Machine Learning to Explainable AI,Explainable AI,Transparency,10.5,2018
TRINETRA_0256,Fairness-Aware Explainable Recommendation over Knowledge Graphs,Transparency,Explainable AI; Decision Support,10.5,2020
TRINETRA_0268,Temporal Meta-path Guided Explainable Recommendation,Explainable AI,Transparency,10.5,2021
TRINETRA_0166,Comment based Seller Trust model for E-commerce,Seller Trust,Consumer Trust,10.5,2016
TRINETRA_0082,Explainable AI in Fintech Risk Management,Explainable AI,Transparency,10.5,2020
TRINETRA_0081,Diabetes prediction using machine learning and explainable AI techniques,Explainable AI,Transparency,10.5,2022
TRINETRA_0258,Counterfactual Explainable Recommendation,Explainable AI,Transparency; Decision Support,10.5,2021
TRINETRA_0257,A Reinforcement Learning Framework for Explainable Recommendation,Explainable AI,Transparency,10.5,2018
TRINETRA_0270,KR-GCN: Knowledge-Aware Reasoning with Graph Convolution Network for Explainable Recommendation,Explainable AI,Transparency,10.5,2022
TRINETRA_0084,Metrics for Explainable AI: Challenges and Prospects,Explainable AI,Transparency,10.5,2018
TRINETRA_0404,Trust management through reputation mechanisms,Marketplace,Consumer Trust; Decision Support,10.5,2000
TRINETRA_0075,"Toward Human-Understandable, Explainable AI",Explainable AI,Transparency,10.5,2018
TRINETRA_0262,Personalized Transformer for Explainable Recommendation,Explainable AI,Transparency,10.5,2021
TRINETRA_0252,Explicit factor models for explainable recommendation based on phrase-level sentiment analysis,Transparency,Explainable AI,10.5,2014
TRINETRA_0072,Explainable AI (XAI): A systematic meta-survey of current challenges and future opportunities,Explainable AI,Transparency,10.5,2023
TRINETRA_0260,Explainable Recommendation via Multi-Task Learning in Opinionated Text Data,Transparency,Explainable AI,10.5,2018
TRINETRA_0259,Personalized Prompt Learning for Explainable Recommendation,Explainable AI,Transparency,10.5,2023
TRINETRA_0253,Learning Heterogeneous Knowledge Base Embeddings for Explainable Recommendation,Explainable AI,Transparency,10.5,2018
TRINETRA_0265,Co-Attentive Multi-Task Learning for Explainable Recommendation,Explainable AI,Transparency,10.5,2019
TRINETRA_0076,Explainable AI Methods - A Brief Overview,Explainable AI,Transparency,10.5,2022
TRINETRA_0266,Dynamic Explainable Recommendation Based on Neural Attentive Models,Transparency,Explainable AI,10.5,2019
TRINETRA_0165,"An empirical model of salesperson competence, buyer-seller trust and collaboration: the moderating role of technological turbulence and product complexity",Seller Trust,Consumer Trust,10.5,2020
TRINETRA_0078,From Anecdotal Evidence to Quantitative Evaluation Methods: A Systematic Review on Evaluating Explainable AI,Explainable AI,Transparency; Evidence Management,10.5,2023
TRINETRA_0130,How to Manage Value-Added Tax Refunds,Refund Management,Consumer Trust,10.0,2021
TRINETRA_0134,Big data based fraud risk management at Alibaba,Risk Assessment,Consumer Trust,10.0,2015
TRINETRA_0137,Analysis and Evaluation of Various Fraud Detection Methods for Electronic Payment Cards Transactions in Big Data,Refund Management,Explainable AI,10.0,2024
TRINETRA_0058,Defining Uncertainty: A Conceptual Basis for Uncertainty Management in Model-Based Decision Support,Decision Support,Risk Assessment,9.0,2003
TRINETRA_0045,"Consumer Trust, Value, and Loyalty in Relational Exchanges",Consumer Trust,Evidence Management,9.0,2002
TRINETRA_0046,Building consumer trust online,Consumer Trust,Consumer Trust,9.0,1999
TRINETRA_0048,Influencer Marketing: How Message Value and Credibility Affect Consumer Trust of Branded Content on Social Media,Consumer Trust,Consumer Trust,9.0,2018
TRINETRA_0401,"ADMETlab 3.0: an updated comprehensive online ADMET prediction platform enhanced with broader coverage, improved performance, API functionality and decision support",Decision Support,Consumer Trust,9.0,2024
TRINETRA_0047,Consumer Trust in an Internet Store: A Cross-Cultural Validation,Consumer Trust,Consumer Trust,9.0,2006
TRINETRA_0063,Foundations of Decision Support Systems,Decision Support,Consumer Trust,9.0,1982
TRINETRA_0148,Effects of customer trust on engagement in live streaming commerce: mediating role of swift guanxi,Consumer Trust,Consumer Trust,9.0,2021
TRINETRA_0249,The future of self-driving laboratories: from human in the loop interactive AI to gamification,Human in the Loop,Consumer Trust,9.0,2024
TRINETRA_0170,Remote Purchase Environments: The Influence of Return Policy Leniency on Two-Stage Decision Processes,Return Policy,Consumer Trust,9.0,2001
TRINETRA_0174,Counteracting Strategic Purchase Deferrals: The Impact of Online Retailers’ Return Policy Decisions,Return Policy,Refund Management,9.0,2016
TRINETRA_0055,A Foundation for the Study of Group Decision Support Systems,Decision Support,Consumer Trust,9.0,1987
TRINETRA_0061,A Framework for the Development of Decision Support Systems,Decision Support,Consumer Trust,9.0,1980
TRINETRA_0151,Gaining Customer Trust: A Conceptual Guide for the Salesperson,Consumer Trust,Consumer Trust,9.0,2013
TRINETRA_0157,"The Nature and Role of Feedback Text Comments in Online Marketplaces: Implications for Trust Building, Price Premiums, and Seller Differentiation",Consumer Trust,Marketplace; Evidence Management,9.0,2006
TRINETRA_0345,Judicialization and the Construction of Governance,Refund Management,Consumer Trust,9.0,1999
TRINETRA_0146,The Mediating Role of Customer Trust on Customer Loyalty,Consumer Trust,Consumer Trust,9.0,2013
TRINETRA_0139,Building customer trust in mobile commerce,Consumer Trust,Consumer Trust,9.0,2003
TRINETRA_0141,The Impact of Customer Trust and Perception of Security Control on the Acceptance of Electronic Commerce,Consumer Trust,Consumer Trust,9.0,2003
TRINETRA_0143,Perceived Service Quality and Customer Trust,Consumer Trust,Consumer Trust,9.0,2007
TRINETRA_0150,A comprehensive model of customer trust in two retail stores,Consumer Trust,Consumer Trust,9.0,2009
TRINETRA_0052,The impact of corporate social responsibility on consumer trust: the case of organic food,Consumer Trust,Consumer Trust,9.0,2007
TRINETRA_0099,Forecasting e-commerce consumer returns: a systematic literature review,Reverse Logistics,Consumer Trust,8.0,2024
TRINETRA_0209,E-commerce development in rural and remote areas of BRICS countries,Refund Management,Consumer Trust,8.0,2021
TRINETRA_0040,From reversed logistics to green supply chains,Reverse Logistics,Consumer Trust,8.0,1999
TRINETRA_0417,Sustainable Retailing in the Fashion Industry: A Systematic Literature Review,Reverse Logistics,Consumer Trust,8.0,2017
TRINETRA_0113,Using case-based reasoning method to design a return merchandise authorization system for supply chain management in Internet of Thing,Marketplace,Consumer Trust; Decision Support,8.0,2017
TRINETRA_0287,Relationship between auditor integrity and organizational commitment to fraud prevention,Evidence Management,Consumer Trust,7.5,2020
TRINETRA_0280,Effectiveness of Fraud Prevention and Detection Techniques in Malaysian Islamic Banks,Marketplace,Consumer Trust; Decision Support,7.5,2014
TRINETRA_0289,Fraud Prevention Determinants: A Balinese Cultural Overview,Marketplace,Consumer Trust; Decision Support,7.5,2022
TRINETRA_0279,Fraud prevention initiatives in the Nigerian public sector,Marketplace,Consumer Trust; Decision Support,7.5,2018
TRINETRA_0277,Fraud Prevention: Relevance to Religiosity and Spirituality in the Workplace,Marketplace,Consumer Trust; Decision Support,7.5,2015
TRINETRA_0288,The effect of internal control and anti-fraud awareness on fraud prevention (A survey on inter-governmental organizations),Marketplace,Consumer Trust; Decision Support,7.5,2017
TRINETRA_0278,Fraud prevention in Malaysian small and medium enterprises (SMEs),Risk Assessment,Consumer Trust,7.5,2018
TRINETRA_0272,Corporate governance and information technology in fraud prevention and detection,Marketplace,Consumer Trust; Decision Support,7.5,2016
TRINETRA_0276,The Effects of Internal Audit Structure on Perceived Financial Statement Fraud Prevention,Evidence Management,Consumer Trust,7.5,2003
TRINETRA_0215,Toward a theory of evidence based decision making,Evidence Management,Decision Support; Transparency,7.5,2012
TRINETRA_0285,GST fraud prevention to ensure business sustainability: a Malaysian case study,Evidence Management,Consumer Trust,7.5,2020
TRINETRA_0282,The influence of whistleblowing system toward fraud prevention,Marketplace,Consumer Trust; Decision Support,7.5,2020
TRINETRA_0286,Blockchain for Fraud Prevention: A Work-History Fraud Prevention System,Evidence Management,Consumer Trust,7.5,2018
TRINETRA_0284,The effects of good governance and fraud prevention on performance of the zakat institutions in Indonesia: a Sharīʿah forensic accounting perspective,Marketplace,Consumer Trust; Decision Support,7.5,2021
TRINETRA_0240,Human-in-the-loop machine learning: a state of the art,Explainable AI,Transparency,7.0,2022
TRINETRA_0234,Toward Involving End-users in Interactive Human-in-the-loop AI Fairness,Explainable AI,Transparency,7.0,2022
TRINETRA_0261,Social Collaborative Viewpoint Regression with Explainable Recommendations,Transparency,Explainable AI,7.0,2017
TRINETRA_0385,A survey of methods for explaining black box models,Explainable AI,Decision Support,6.0,2019
TRINETRA_0248,The impact of AI errors in a human-in-the-loop process,Decision Support,Consumer Trust,6.0,2024
TRINETRA_0290,Online retail returns management,Reverse Logistics,Marketplace,6.0,2016
TRINETRA_0293,On packaging and product returns in online retail—Mailing boxes or sending signals?,Marketplace,Consumer Trust,6.0,2021
TRINETRA_0409,Trust in blockchain-enabled exchanges: Future directions in blockchain marketing,Transparency,Consumer Trust,6.0,2022
TRINETRA_0235,"Human-in-the-Loop AI Reviewing: Feasibility, Opportunities, and Risks",Human in the Loop,Consumer Trust,6.0,2024
TRINETRA_0178,Post-purchase shipping and customer service experiences in online shopping and their impact on customer satisfaction,Customer Experience,Consumer Trust,6.0,2018
TRINETRA_0214,From science to action: Principles for undertaking environmental research that enables knowledge exchange and evidence-based decision-making,Evidence Management,Decision Support,6.0,2016
TRINETRA_0079,What Does Explainable AI Really Mean? A New Conceptualization of Perspectives,Transparency,Explainable AI,5.5,2017
TRINETRA_0296,Expectations of Returns and Expected Returns,Evidence Management,Consumer Trust,5.0,2014
TRINETRA_0090,The Impact of E-Commerce Announcements on the Market Value of Firms,Evidence Management,Consumer Trust,5.0,2001
TRINETRA_0396,The Capital Structure Puzzle,Evidence Management,Consumer Trust,5.0,1984
TRINETRA_0389,Does Asymmetric Information Drive Capital Structure Decisions?,Evidence Management,Consumer Trust,5.0,2008
TRINETRA_0325,Fraud Detection using Machine Learning in e-Commerce,Marketplace,Consumer Trust; Decision Support,5.0,2019
TRINETRA_0017,Detection Fraud of Financial Statement with Fraud Triangle,Evidence Management,Consumer Trust,5.0,2013
TRINETRA_0375,A Comparison of Online Trust Building Factors between Potential Customers and Repeat Customers,Consumer Trust,Consumer Trust,5.0,2004
TRINETRA_0283,Accountants' perceptions regarding fraud detection and prevention methods,Marketplace,Consumer Trust; Decision Support,5.0,2006
TRINETRA_0011,VAT fraud and reverse charge: empirical evidence from VAT return data,Evidence Management,Consumer Trust,5.0,2023
TRINETRA_0441,"Responding to Activist Short Sellers: Allegations, Firm Responses, and Outcomes",Evidence Management,Consumer Trust,5.0,2021
TRINETRA_0100,E‐business e‐commerce evolution: perspective and strategy,Evidence Management,Consumer Trust,5.0,2001
TRINETRA_0400,"Presidential Address: Expected Return, Realized Return, and Asset Pricing Tests",Evidence Management,Consumer Trust,5.0,1999
TRINETRA_0107,Functional Restoration with Behavioral Support,Evidence Management,Consumer Trust,5.0,1989
TRINETRA_0216,PRISMA 2020 explanation and elaboration: updated guidance and exemplars for reporting systematic reviews,Decision Support,Evidence Management,5.0,2021
TRINETRA_0106,The Value of School Facility Investments: Evidence from a Dynamic Regression Discontinuity Design<sup>*</sup>,Evidence Management,Consumer Trust,5.0,2010
TRINETRA_0184,Online experiences and virtual goods purchase intention,Evidence Management,Consumer Trust,5.0,2012
TRINETRA_0200,E-Commerce Promotional Products Selection Using SWARA and TOPSIS,Decision Support,Consumer Trust,4.0,2024
TRINETRA_0516,"The Effects of Trust, Perceived Risk, Innovativeness, and Deal Proneness on Consumers’ Purchasing Behavior in the Livestreaming Social Commerce Context",Marketplace,Consumer Trust,4.0,2023
TRINETRA_0500,E-commerce Evolution in Asia and the Pacific,Marketplace,Consumer Trust,4.0,2023
TRINETRA_0179,"Perceived Risk, Anticipated Regret and Post-purchase Experience in the Real Estate Market: The Case of China",Customer Experience,Consumer Trust,4.0,2011
TRINETRA_0103,Return merchandize authorization stakeholders and customer requirements management—high-technology products,Marketplace,Consumer Trust,4.0,2007
TRINETRA_0094,Whether a retailer should enter an e‐commerce platform taking into account consumer returns,Marketplace,Consumer Trust; Decision Support,4.0,2020
TRINETRA_0304,The role of physical distribution services as determinants of product returns in Internet retailing,Marketplace,Consumer Trust,4.0,2014
TRINETRA_0512,Virtual Wardrobe: Enhancing Consumer Engagement through Augmented Reality,Marketplace,Consumer Trust,4.0,2024
TRINETRA_0195,Consumer Perception of Post-Purchase Experience on Electric Vehicle Owners in Chennai City,Customer Experience,Consumer Trust,4.0,2024
TRINETRA_0185,Multiple roles of consumption emotions in post‐purchase satisfaction with extended service transactions,Marketplace,Consumer Trust; Decision Support,4.0,2000
TRINETRA_0405,Paradoxes of Public Sector Customer Service,Marketplace,Consumer Trust; Decision Support,4.0,2001
TRINETRA_0140,"The Different Roles of Satisfaction, Trust, and Commitment in Customer Relationships",Marketplace,Consumer Trust; Decision Support,4.0,1999
TRINETRA_0149,"Comfort your online customer: quality, trust and loyalty on the internet",Marketplace,Consumer Trust; Decision Support,4.0,2004
