case_id,expected_status,conflict_types,baseline_1_prediction,baseline_2_prediction,baseline_3_prediction,trinetra_prediction,trinetra_confidence,trinetra_conflicts_count,trinetra_conflicts
CMP_00001,CONFLICT,TEMPORAL_CONFLICT,CONSISTENT,CONSISTENT,CONFLICT,CONFLICT,0.95,3,"[{""conflict_type"": ""TEMPORAL_CONFLICT"", ""severity"": ""MEDIUM"", ""evidence_sources"": [""ORDER"", ""CARRIER""], ""interpretation"": ""Timeline inversion: ORDER (2026-01-15T09:00:00) occurred after CARRIER (2026-01-15T06:00:00).""}, {""conflict_type"": ""TEMPORAL_CONFLICT"", ""severity"": ""MEDIUM"", ""evidence_sources"": [""SELLER"", ""CARRIER""], ""interpretation"": ""Timeline inversion: SELLER (2026-01-15T10:30:00) occurred after CARRIER (2026-01-15T06:00:00).""}, {""conflict_type"": ""TEMPORAL_CONFLICT"", ""severity"": ""MEDIUM"", ""evidence_sources"": [""WAREHOUSE"", ""CARRIER""], ""interpretation"": ""Timeline inversion: WAREHOUSE (2026-01-16T08:00:00) occurred after CARRIER (2026-01-15T06:00:00).""}]"
CMP_00002,CONFLICT,IDENTITY_CONFLICT,CONFLICT,CONSISTENT,CONSISTENT,CONFLICT,0.9,1,"[{""conflict_type"": ""IDENTITY_CONFLICT"", ""severity"": ""HIGH"", ""evidence_sources"": [""ORDER"", ""SELLER"", ""WAREHOUSE"", ""RETURN""], ""interpretation"": ""Multi-source SKU mismatch: {'ORDER': 'AP-002', 'SELLER': 'AP-002', 'WAREHOUSE': 'AP-003', 'RETURN': 'AP-003'}""}]"
CMP_00003,CONFLICT,IDENTITY_CONFLICT,CONFLICT,CONSISTENT,CONSISTENT,CONFLICT,0.9,1,"[{""conflict_type"": ""IDENTITY_CONFLICT"", ""severity"": ""HIGH"", ""evidence_sources"": [""ORDER"", ""SELLER"", ""WAREHOUSE"", ""RETURN""], ""interpretation"": ""Multi-source SKU mismatch: {'ORDER': 'AP-003', 'SELLER': 'AP-003', 'WAREHOUSE': 'AP-004', 'RETURN': 'AP-004'}""}]"
CMP_00004,CONFLICT,TEMPORAL_CONFLICT,CONSISTENT,CONSISTENT,CONFLICT,CONFLICT,0.95,3,"[{""conflict_type"": ""TEMPORAL_CONFLICT"", ""severity"": ""MEDIUM"", ""evidence_sources"": [""ORDER"", ""CARRIER""], ""interpretation"": ""Timeline inversion: ORDER (2026-01-15T09:00:00) occurred after CARRIER (2026-01-15T06:00:00).""}, {""conflict_type"": ""TEMPORAL_CONFLICT"", ""severity"": ""MEDIUM"", ""evidence_sources"": [""SELLER"", ""CARRIER""], ""interpretation"": ""Timeline inversion: SELLER (2026-01-15T10:30:00) occurred after CARRIER (2026-01-15T06:00:00).""}, {""conflict_type"": ""TEMPORAL_CONFLICT"", ""severity"": ""MEDIUM"", ""evidence_sources"": [""WAREHOUSE"", ""CARRIER""], ""interpretation"": ""Timeline inversion: WAREHOUSE (2026-01-16T08:00:00) occurred after CARRIER (2026-01-15T06:00:00).""}]"
CMP_00005,CONFLICT,IDENTITY_CONFLICT,CONFLICT,CONSISTENT,CONSISTENT,CONFLICT,0.9,1,"[{""conflict_type"": ""IDENTITY_CONFLICT"", ""severity"": ""HIGH"", ""evidence_sources"": [""ORDER"", ""SELLER"", ""WAREHOUSE"", ""RETURN""], ""interpretation"": ""Multi-source SKU mismatch: {'ORDER': 'FW-005', 'SELLER': 'FW-005', 'WAREHOUSE': 'FW-006', 'RETURN': 'FW-006'}""}]"
CMP_00006,CONFLICT,WEIGHT_ANOMALY,CONSISTENT,CONFLICT,CONSISTENT,CONFLICT,0.9,1,"[{""conflict_type"": ""WEIGHT_ANOMALY"", ""severity"": ""HIGH"", ""evidence_sources"": [""WAREHOUSE"", ""RETURN""], ""measurement_outbound"": 650.0, ""measurement_return"": 162.0, ""variance"": ""75.1% drop"", ""interpretation"": ""Product weight loss of 75.1% between outbound (650.0g) and return (162.0g).""}]"
CMP_00007,CONFLICT,TEMPORAL_CONFLICT,CONSISTENT,CONSISTENT,CONFLICT,CONFLICT,0.95,3,"[{""conflict_type"": ""TEMPORAL_CONFLICT"", ""severity"": ""MEDIUM"", ""evidence_sources"": [""ORDER"", ""CARRIER""], ""interpretation"": ""Timeline inversion: ORDER (2026-01-15T09:00:00) occurred after CARRIER (2026-01-15T06:00:00).""}, {""conflict_type"": ""TEMPORAL_CONFLICT"", ""severity"": ""MEDIUM"", ""evidence_sources"": [""SELLER"", ""CARRIER""], ""interpretation"": ""Timeline inversion: SELLER (2026-01-15T10:30:00) occurred after CARRIER (2026-01-15T06:00:00).""}, {""conflict_type"": ""TEMPORAL_CONFLICT"", ""severity"": ""MEDIUM"", ""evidence_sources"": [""WAREHOUSE"", ""CARRIER""], ""interpretation"": ""Timeline inversion: WAREHOUSE (2026-01-16T08:00:00) occurred after CARRIER (2026-01-15T06:00:00).""}]"
CMP_00008,CONFLICT,IDENTITY_CONFLICT,CONFLICT,CONSISTENT,CONSISTENT,CONFLICT,0.9,1,"[{""conflict_type"": ""IDENTITY_CONFLICT"", ""severity"": ""HIGH"", ""evidence_sources"": [""ORDER"", ""SELLER"", ""WAREHOUSE"", ""RETURN""], ""interpretation"": ""Multi-source SKU mismatch: {'ORDER': 'AP-008', 'SELLER': 'AP-008', 'WAREHOUSE': 'AP-009', 'RETURN': 'AP-009'}""}]"
CMP_00009,CONFLICT,IDENTITY_CONFLICT,CONFLICT,CONSISTENT,CONSISTENT,CONFLICT,0.9,1,"[{""conflict_type"": ""IDENTITY_CONFLICT"", ""severity"": ""HIGH"", ""evidence_sources"": [""ORDER"", ""SELLER"", ""WAREHOUSE"", ""RETURN""], ""interpretation"": ""Multi-source SKU mismatch: {'ORDER': 'AP-009', 'SELLER': 'AP-009', 'WAREHOUSE': 'AP-00:', 'RETURN': 'AP-00:'}""}]"
CMP_00010,CONFLICT,IDENTITY_CONFLICT,CONFLICT,CONSISTENT,CONSISTENT,CONFLICT,0.9,1,"[{""conflict_type"": ""IDENTITY_CONFLICT"", ""severity"": ""HIGH"", ""evidence_sources"": [""ORDER"", ""SELLER"", ""WAREHOUSE"", ""RETURN""], ""interpretation"": ""Multi-source SKU mismatch: {'ORDER': 'AP-010', 'SELLER': 'AP-010', 'WAREHOUSE': 'AP-011', 'RETURN': 'AP-011'}""}]"
CMP_00011,CONSISTENT,,CONSISTENT,CONSISTENT,CONSISTENT,CONSISTENT,0.98,0,[]
CMP_00012,CONFLICT,WEIGHT_ANOMALY,CONSISTENT,CONFLICT,CONSISTENT,CONFLICT,0.9,1,"[{""conflict_type"": ""WEIGHT_ANOMALY"", ""severity"": ""HIGH"", ""evidence_sources"": [""WAREHOUSE"", ""RETURN""], ""measurement_outbound"": 650.0, ""measurement_return"": 162.0, ""variance"": ""75.1% drop"", ""interpretation"": ""Product weight loss of 75.1% between outbound (650.0g) and return (162.0g).""}]"
CMP_00013,CONSISTENT,,CONSISTENT,CONSISTENT,CONSISTENT,CONSISTENT,0.98,0,[]
CMP_00014,CONSISTENT,,CONSISTENT,CONSISTENT,CONSISTENT,CONSISTENT,0.98,0,[]
CMP_00015,CONFLICT,WEIGHT_ANOMALY,CONSISTENT,CONFLICT,CONSISTENT,CONFLICT,0.9,1,"[{""conflict_type"": ""WEIGHT_ANOMALY"", ""severity"": ""HIGH"", ""evidence_sources"": [""WAREHOUSE"", ""RETURN""], ""measurement_outbound"": 650.0, ""measurement_return"": 162.0, ""variance"": ""75.1% drop"", ""interpretation"": ""Product weight loss of 75.1% between outbound (650.0g) and return (162.0g).""}]"
CMP_00016,CONFLICT,WEIGHT_ANOMALY,CONSISTENT,CONFLICT,CONSISTENT,CONFLICT,0.9,1,"[{""conflict_type"": ""WEIGHT_ANOMALY"", ""severity"": ""HIGH"", ""evidence_sources"": [""WAREHOUSE"", ""RETURN""], ""measurement_outbound"": 500.0, ""measurement_return"": 125.0, ""variance"": ""75.0% drop"", ""interpretation"": ""Product weight loss of 75.0% between outbound (500.0g) and return (125.0g).""}]"
CMP_00017,CONSISTENT,,CONSISTENT,CONSISTENT,CONSISTENT,CONSISTENT,0.98,0,[]
CMP_00018,CONFLICT,WEIGHT_ANOMALY,CONSISTENT,CONFLICT,CONSISTENT,CONFLICT,0.9,1,"[{""conflict_type"": ""WEIGHT_ANOMALY"", ""severity"": ""HIGH"", ""evidence_sources"": [""WAREHOUSE"", ""RETURN""], ""measurement_outbound"": 1800.0, ""measurement_return"": 450.0, ""variance"": ""75.0% drop"", ""interpretation"": ""Product weight loss of 75.0% between outbound (1800.0g) and return (450.0g).""}]"
CMP_00019,CONFLICT,IDENTITY_CONFLICT,CONFLICT,CONSISTENT,CONSISTENT,CONFLICT,0.9,1,"[{""conflict_type"": ""IDENTITY_CONFLICT"", ""severity"": ""HIGH"", ""evidence_sources"": [""ORDER"", ""SELLER"", ""WAREHOUSE"", ""RETURN""], ""interpretation"": ""Multi-source SKU mismatch: {'ORDER': 'FW-019', 'SELLER': 'FW-019', 'WAREHOUSE': 'FW-01:', 'RETURN': 'FW-01:'}""}]"
CMP_00020,CONFLICT,IDENTITY_CONFLICT,CONFLICT,CONSISTENT,CONSISTENT,CONFLICT,0.9,1,"[{""conflict_type"": ""IDENTITY_CONFLICT"", ""severity"": ""HIGH"", ""evidence_sources"": [""ORDER"", ""SELLER"", ""WAREHOUSE"", ""RETURN""], ""interpretation"": ""Multi-source SKU mismatch: {'ORDER': 'AP-020', 'SELLER': 'AP-020', 'WAREHOUSE': 'AP-021', 'RETURN': 'AP-021'}""}]"
CMP_00021,CONFLICT,IDENTITY_CONFLICT,CONFLICT,CONSISTENT,CONSISTENT,CONFLICT,0.9,1,"[{""conflict_type"": ""IDENTITY_CONFLICT"", ""severity"": ""HIGH"", ""evidence_sources"": [""ORDER"", ""SELLER"", ""WAREHOUSE"", ""RETURN""], ""interpretation"": ""Multi-source SKU mismatch: {'ORDER': 'AP-021', 'SELLER': 'AP-021', 'WAREHOUSE': 'AP-022', 'RETURN': 'AP-022'}""}]"
CMP_00022,CONSISTENT,,CONSISTENT,CONSISTENT,CONSISTENT,CONSISTENT,0.98,0,[]
CMP_00023,CONSISTENT,,CONSISTENT,CONSISTENT,CONSISTENT,CONSISTENT,0.98,0,[]
CMP_00024,CONSISTENT,,CONSISTENT,CONSISTENT,CONSISTENT,CONSISTENT,0.98,0,[]
CMP_00025,CONSISTENT,,CONSISTENT,CONSISTENT,CONSISTENT,CONSISTENT,0.98,0,[]
CMP_00026,CONFLICT,IDENTITY_CONFLICT,CONFLICT,CONSISTENT,CONSISTENT,CONFLICT,0.9,1,"[{""conflict_type"": ""IDENTITY_CONFLICT"", ""severity"": ""HIGH"", ""evidence_sources"": [""ORDER"", ""SELLER"", ""WAREHOUSE"", ""RETURN""], ""interpretation"": ""Multi-source SKU mismatch: {'ORDER': 'AP-026', 'SELLER': 'AP-026', 'WAREHOUSE': 'AP-027', 'RETURN': 'AP-027'}""}]"
CMP_00027,CONFLICT,TEMPORAL_CONFLICT,CONSISTENT,CONSISTENT,CONFLICT,CONFLICT,0.95,3,"[{""conflict_type"": ""TEMPORAL_CONFLICT"", ""severity"": ""MEDIUM"", ""evidence_sources"": [""ORDER"", ""CARRIER""], ""interpretation"": ""Timeline inversion: ORDER (2026-01-15T09:00:00) occurred after CARRIER (2026-01-15T06:00:00).""}, {""conflict_type"": ""TEMPORAL_CONFLICT"", ""severity"": ""MEDIUM"", ""evidence_sources"": [""SELLER"", ""CARRIER""], ""interpretation"": ""Timeline inversion: SELLER (2026-01-15T10:30:00) occurred after CARRIER (2026-01-15T06:00:00).""}, {""conflict_type"": ""TEMPORAL_CONFLICT"", ""severity"": ""MEDIUM"", ""evidence_sources"": [""WAREHOUSE"", ""CARRIER""], ""interpretation"": ""Timeline inversion: WAREHOUSE (2026-01-16T08:00:00) occurred after CARRIER (2026-01-15T06:00:00).""}]"
CMP_00028,CONSISTENT,,CONSISTENT,CONSISTENT,CONSISTENT,CONSISTENT,0.98,0,[]
CMP_00029,CONFLICT,WEIGHT_ANOMALY,CONSISTENT,CONFLICT,CONSISTENT,CONFLICT,0.9,1,"[{""conflict_type"": ""WEIGHT_ANOMALY"", ""severity"": ""HIGH"", ""evidence_sources"": [""WAREHOUSE"", ""RETURN""], ""measurement_outbound"": 650.0, ""measurement_return"": 162.0, ""variance"": ""75.1% drop"", ""interpretation"": ""Product weight loss of 75.1% between outbound (650.0g) and return (162.0g).""}]"
CMP_00030,CONFLICT,IDENTITY_CONFLICT,CONFLICT,CONSISTENT,CONSISTENT,CONFLICT,0.9,1,"[{""conflict_type"": ""IDENTITY_CONFLICT"", ""severity"": ""HIGH"", ""evidence_sources"": [""ORDER"", ""SELLER"", ""WAREHOUSE"", ""RETURN""], ""interpretation"": ""Multi-source SKU mismatch: {'ORDER': 'AP-030', 'SELLER': 'AP-030', 'WAREHOUSE': 'AP-031', 'RETURN': 'AP-031'}""}]"
CMP_00031,CONFLICT,WEIGHT_ANOMALY,CONSISTENT,CONFLICT,CONSISTENT,CONFLICT,0.9,1,"[{""conflict_type"": ""WEIGHT_ANOMALY"", ""severity"": ""HIGH"", ""evidence_sources"": [""WAREHOUSE"", ""RETURN""], ""measurement_outbound"": 650.0, ""measurement_return"": 162.0, ""variance"": ""75.1% drop"", ""interpretation"": ""Product weight loss of 75.1% between outbound (650.0g) and return (162.0g).""}]"
CMP_00032,CONSISTENT,,CONSISTENT,CONSISTENT,CONSISTENT,CONSISTENT,0.98,0,[]
CMP_00033,CONSISTENT,,CONSISTENT,CONSISTENT,CONSISTENT,CONSISTENT,0.98,0,[]
CMP_00034,CONSISTENT,,CONSISTENT,CONSISTENT,CONSISTENT,CONSISTENT,0.98,0,[]
CMP_00035,CONSISTENT,,CONSISTENT,CONSISTENT,CONSISTENT,CONSISTENT,0.98,0,[]
CMP_00036,CONSISTENT,,CONSISTENT,CONSISTENT,CONSISTENT,CONSISTENT,0.98,0,[]
CMP_00037,CONFLICT,IDENTITY_CONFLICT,CONFLICT,CONSISTENT,CONSISTENT,CONFLICT,0.9,1,"[{""conflict_type"": ""IDENTITY_CONFLICT"", ""severity"": ""HIGH"", ""evidence_sources"": [""ORDER"", ""SELLER"", ""WAREHOUSE"", ""RETURN""], ""interpretation"": ""Multi-source SKU mismatch: {'ORDER': 'AP-037', 'SELLER': 'AP-037', 'WAREHOUSE': 'AP-038', 'RETURN': 'AP-038'}""}]"
CMP_00038,CONFLICT,IDENTITY_CONFLICT,CONFLICT,CONSISTENT,CONSISTENT,CONFLICT,0.9,1,"[{""conflict_type"": ""IDENTITY_CONFLICT"", ""severity"": ""HIGH"", ""evidence_sources"": [""ORDER"", ""SELLER"", ""WAREHOUSE"", ""RETURN""], ""interpretation"": ""Multi-source SKU mismatch: {'ORDER': 'AP-038', 'SELLER': 'AP-038', 'WAREHOUSE': 'AP-039', 'RETURN': 'AP-039'}""}]"
CMP_00039,CONFLICT,WEIGHT_ANOMALY,CONSISTENT,CONFLICT,CONSISTENT,CONFLICT,0.9,1,"[{""conflict_type"": ""WEIGHT_ANOMALY"", ""severity"": ""HIGH"", ""evidence_sources"": [""WAREHOUSE"", ""RETURN""], ""measurement_outbound"": 650.0, ""measurement_return"": 162.0, ""variance"": ""75.1% drop"", ""interpretation"": ""Product weight loss of 75.1% between outbound (650.0g) and return (162.0g).""}]"
CMP_00040,CONFLICT,IDENTITY_CONFLICT,CONFLICT,CONSISTENT,CONSISTENT,CONFLICT,0.9,1,"[{""conflict_type"": ""IDENTITY_CONFLICT"", ""severity"": ""HIGH"", ""evidence_sources"": [""ORDER"", ""SELLER"", ""WAREHOUSE"", ""RETURN""], ""interpretation"": ""Multi-source SKU mismatch: {'ORDER': 'AP-040', 'SELLER': 'AP-040', 'WAREHOUSE': 'AP-041', 'RETURN': 'AP-041'}""}]"
CMP_00041,CONSISTENT,,CONSISTENT,CONSISTENT,CONSISTENT,CONSISTENT,0.98,0,[]
CMP_00042,CONSISTENT,,CONSISTENT,CONSISTENT,CONSISTENT,CONSISTENT,0.98,0,[]
CMP_00043,CONFLICT,IDENTITY_CONFLICT,CONFLICT,CONSISTENT,CONSISTENT,CONFLICT,0.9,1,"[{""conflict_type"": ""IDENTITY_CONFLICT"", ""severity"": ""HIGH"", ""evidence_sources"": [""ORDER"", ""SELLER"", ""WAREHOUSE"", ""RETURN""], ""interpretation"": ""Multi-source SKU mismatch: {'ORDER': 'EL-043', 'SELLER': 'EL-043', 'WAREHOUSE': 'EL-044', 'RETURN': 'EL-044'}""}]"
CMP_00044,CONSISTENT,,CONSISTENT,CONSISTENT,CONSISTENT,CONSISTENT,0.98,0,[]
CMP_00045,CONFLICT,IDENTITY_CONFLICT,CONFLICT,CONSISTENT,CONSISTENT,CONFLICT,0.9,1,"[{""conflict_type"": ""IDENTITY_CONFLICT"", ""severity"": ""HIGH"", ""evidence_sources"": [""ORDER"", ""SELLER"", ""WAREHOUSE"", ""RETURN""], ""interpretation"": ""Multi-source SKU mismatch: {'ORDER': 'GN-045', 'SELLER': 'GN-045', 'WAREHOUSE': 'GN-046', 'RETURN': 'GN-046'}""}]"
CMP_00046,CONFLICT,TEMPORAL_CONFLICT,CONSISTENT,CONSISTENT,CONFLICT,CONFLICT,0.95,3,"[{""conflict_type"": ""TEMPORAL_CONFLICT"", ""severity"": ""MEDIUM"", ""evidence_sources"": [""ORDER"", ""CARRIER""], ""interpretation"": ""Timeline inversion: ORDER (2026-01-15T09:00:00) occurred after CARRIER (2026-01-15T06:00:00).""}, {""conflict_type"": ""TEMPORAL_CONFLICT"", ""severity"": ""MEDIUM"", ""evidence_sources"": [""SELLER"", ""CARRIER""], ""interpretation"": ""Timeline inversion: SELLER (2026-01-15T10:30:00) occurred after CARRIER (2026-01-15T06:00:00).""}, {""conflict_type"": ""TEMPORAL_CONFLICT"", ""severity"": ""MEDIUM"", ""evidence_sources"": [""WAREHOUSE"", ""CARRIER""], ""interpretation"": ""Timeline inversion: WAREHOUSE (2026-01-16T08:00:00) occurred after CARRIER (2026-01-15T06:00:00).""}]"
CMP_00047,CONSISTENT,,CONSISTENT,CONSISTENT,CONSISTENT,CONSISTENT,0.98,0,[]
CMP_00048,CONSISTENT,,CONSISTENT,CONSISTENT,CONSISTENT,CONSISTENT,0.98,0,[]
CMP_00049,CONSISTENT,,CONSISTENT,CONSISTENT,CONSISTENT,CONSISTENT,0.98,0,[]
CMP_00050,CONFLICT,IDENTITY_CONFLICT,CONFLICT,CONSISTENT,CONSISTENT,CONFLICT,0.9,1,"[{""conflict_type"": ""IDENTITY_CONFLICT"", ""severity"": ""HIGH"", ""evidence_sources"": [""ORDER"", ""SELLER"", ""WAREHOUSE"", ""RETURN""], ""interpretation"": ""Multi-source SKU mismatch: {'ORDER': 'GN-050', 'SELLER': 'GN-050', 'WAREHOUSE': 'GN-051', 'RETURN': 'GN-051'}""}]"
CMP_00051,CONFLICT,IDENTITY_CONFLICT,CONFLICT,CONSISTENT,CONSISTENT,CONFLICT,0.9,1,"[{""conflict_type"": ""IDENTITY_CONFLICT"", ""severity"": ""HIGH"", ""evidence_sources"": [""ORDER"", ""SELLER"", ""WAREHOUSE"", ""RETURN""], ""interpretation"": ""Multi-source SKU mismatch: {'ORDER': 'AP-051', 'SELLER': 'AP-051', 'WAREHOUSE': 'AP-052', 'RETURN': 'AP-052'}""}]"
CMP_00052,CONFLICT,WEIGHT_ANOMALY,CONSISTENT,CONFLICT,CONSISTENT,CONFLICT,0.9,1,"[{""conflict_type"": ""WEIGHT_ANOMALY"", ""severity"": ""HIGH"", ""evidence_sources"": [""WAREHOUSE"", ""RETURN""], ""measurement_outbound"": 650.0, ""measurement_return"": 162.0, ""variance"": ""75.1% drop"", ""interpretation"": ""Product weight loss of 75.1% between outbound (650.0g) and return (162.0g).""}]"
CMP_00053,CONSISTENT,,CONSISTENT,CONSISTENT,CONSISTENT,CONSISTENT,0.98,0,[]
CMP_00054,CONSISTENT,,CONSISTENT,CONSISTENT,CONSISTENT,CONSISTENT,0.98,0,[]
CMP_00055,CONSISTENT,,CONSISTENT,CONSISTENT,CONSISTENT,CONSISTENT,0.98,0,[]
CMP_00056,CONSISTENT,,CONSISTENT,CONSISTENT,CONSISTENT,CONSISTENT,0.98,0,[]
CMP_00057,CONFLICT,IDENTITY_CONFLICT,CONFLICT,CONSISTENT,CONSISTENT,CONFLICT,0.9,1,"[{""conflict_type"": ""IDENTITY_CONFLICT"", ""severity"": ""HIGH"", ""evidence_sources"": [""ORDER"", ""SELLER"", ""WAREHOUSE"", ""RETURN""], ""interpretation"": ""Multi-source SKU mismatch: {'ORDER': 'AP-057', 'SELLER': 'AP-057', 'WAREHOUSE': 'AP-058', 'RETURN': 'AP-058'}""}]"
CMP_00058,CONFLICT,IDENTITY_CONFLICT,CONFLICT,CONSISTENT,CONSISTENT,CONFLICT,0.9,1,"[{""conflict_type"": ""IDENTITY_CONFLICT"", ""severity"": ""HIGH"", ""evidence_sources"": [""ORDER"", ""SELLER"", ""WAREHOUSE"", ""RETURN""], ""interpretation"": ""Multi-source SKU mismatch: {'ORDER': 'FW-058', 'SELLER': 'FW-058', 'WAREHOUSE': 'FW-059', 'RETURN': 'FW-059'}""}]"
CMP_00059,CONSISTENT,,CONSISTENT,CONSISTENT,CONSISTENT,CONSISTENT,0.98,0,[]
CMP_00060,CONFLICT,IDENTITY_CONFLICT,CONFLICT,CONSISTENT,CONSISTENT,CONFLICT,0.9,1,"[{""conflict_type"": ""IDENTITY_CONFLICT"", ""severity"": ""HIGH"", ""evidence_sources"": [""ORDER"", ""SELLER"", ""WAREHOUSE"", ""RETURN""], ""interpretation"": ""Multi-source SKU mismatch: {'ORDER': 'AP-060', 'SELLER': 'AP-060', 'WAREHOUSE': 'AP-061', 'RETURN': 'AP-061'}""}]"
CMP_00061,CONFLICT,WEIGHT_ANOMALY,CONSISTENT,CONFLICT,CONSISTENT,CONFLICT,0.9,1,"[{""conflict_type"": ""WEIGHT_ANOMALY"", ""severity"": ""HIGH"", ""evidence_sources"": [""WAREHOUSE"", ""RETURN""], ""measurement_outbound"": 650.0, ""measurement_return"": 162.0, ""variance"": ""75.1% drop"", ""interpretation"": ""Product weight loss of 75.1% between outbound (650.0g) and return (162.0g).""}]"
CMP_00062,CONSISTENT,,CONSISTENT,CONSISTENT,CONSISTENT,CONSISTENT,0.98,0,[]
CMP_00063,CONFLICT,WEIGHT_ANOMALY,CONSISTENT,CONFLICT,CONSISTENT,CONFLICT,0.9,1,"[{""conflict_type"": ""WEIGHT_ANOMALY"", ""severity"": ""HIGH"", ""evidence_sources"": [""WAREHOUSE"", ""RETURN""], ""measurement_outbound"": 1800.0, ""measurement_return"": 450.0, ""variance"": ""75.0% drop"", ""interpretation"": ""Product weight loss of 75.0% between outbound (1800.0g) and return (450.0g).""}]"
CMP_00064,CONFLICT,WEIGHT_ANOMALY,CONSISTENT,CONFLICT,CONSISTENT,CONFLICT,0.9,1,"[{""conflict_type"": ""WEIGHT_ANOMALY"", ""severity"": ""HIGH"", ""evidence_sources"": [""WAREHOUSE"", ""RETURN""], ""measurement_outbound"": 280.0, ""measurement_return"": 70.0, ""variance"": ""75.0% drop"", ""interpretation"": ""Product weight loss of 75.0% between outbound (280.0g) and return (70.0g).""}]"
CMP_00065,CONFLICT,TEMPORAL_CONFLICT,CONSISTENT,CONSISTENT,CONFLICT,CONFLICT,0.95,3,"[{""conflict_type"": ""TEMPORAL_CONFLICT"", ""severity"": ""MEDIUM"", ""evidence_sources"": [""ORDER"", ""CARRIER""], ""interpretation"": ""Timeline inversion: ORDER (2026-01-15T09:00:00) occurred after CARRIER (2026-01-15T06:00:00).""}, {""conflict_type"": ""TEMPORAL_CONFLICT"", ""severity"": ""MEDIUM"", ""evidence_sources"": [""SELLER"", ""CARRIER""], ""interpretation"": ""Timeline inversion: SELLER (2026-01-15T10:30:00) occurred after CARRIER (2026-01-15T06:00:00).""}, {""conflict_type"": ""TEMPORAL_CONFLICT"", ""severity"": ""MEDIUM"", ""evidence_sources"": [""WAREHOUSE"", ""CARRIER""], ""interpretation"": ""Timeline inversion: WAREHOUSE (2026-01-16T08:00:00) occurred after CARRIER (2026-01-15T06:00:00).""}]"
CMP_00066,CONSISTENT,,CONSISTENT,CONSISTENT,CONSISTENT,CONSISTENT,0.98,0,[]
CMP_00067,CONFLICT,IDENTITY_CONFLICT,CONFLICT,CONSISTENT,CONSISTENT,CONFLICT,0.9,1,"[{""conflict_type"": ""IDENTITY_CONFLICT"", ""severity"": ""HIGH"", ""evidence_sources"": [""ORDER"", ""SELLER"", ""WAREHOUSE"", ""RETURN""], ""interpretation"": ""Multi-source SKU mismatch: {'ORDER': 'AP-067', 'SELLER': 'AP-067', 'WAREHOUSE': 'AP-068', 'RETURN': 'AP-068'}""}]"
CMP_00068,CONFLICT,WEIGHT_ANOMALY,CONSISTENT,CONFLICT,CONSISTENT,CONFLICT,0.9,1,"[{""conflict_type"": ""WEIGHT_ANOMALY"", ""severity"": ""HIGH"", ""evidence_sources"": [""WAREHOUSE"", ""RETURN""], ""measurement_outbound"": 650.0, ""measurement_return"": 162.0, ""variance"": ""75.1% drop"", ""interpretation"": ""Product weight loss of 75.1% between outbound (650.0g) and return (162.0g).""}]"
CMP_00069,CONFLICT,WEIGHT_ANOMALY,CONSISTENT,CONFLICT,CONSISTENT,CONFLICT,0.9,1,"[{""conflict_type"": ""WEIGHT_ANOMALY"", ""severity"": ""HIGH"", ""evidence_sources"": [""WAREHOUSE"", ""RETURN""], ""measurement_outbound"": 650.0, ""measurement_return"": 162.0, ""variance"": ""75.1% drop"", ""interpretation"": ""Product weight loss of 75.1% between outbound (650.0g) and return (162.0g).""}]"
CMP_00070,CONFLICT,IDENTITY_CONFLICT,CONFLICT,CONSISTENT,CONSISTENT,CONFLICT,0.9,1,"[{""conflict_type"": ""IDENTITY_CONFLICT"", ""severity"": ""HIGH"", ""evidence_sources"": [""ORDER"", ""SELLER"", ""WAREHOUSE"", ""RETURN""], ""interpretation"": ""Multi-source SKU mismatch: {'ORDER': 'FW-070', 'SELLER': 'FW-070', 'WAREHOUSE': 'FW-071', 'RETURN': 'FW-071'}""}]"
CMP_00071,CONSISTENT,,CONSISTENT,CONSISTENT,CONSISTENT,CONSISTENT,0.98,0,[]
CMP_00072,CONFLICT,IDENTITY_CONFLICT,CONFLICT,CONSISTENT,CONSISTENT,CONFLICT,0.9,1,"[{""conflict_type"": ""IDENTITY_CONFLICT"", ""severity"": ""HIGH"", ""evidence_sources"": [""ORDER"", ""SELLER"", ""WAREHOUSE"", ""RETURN""], ""interpretation"": ""Multi-source SKU mismatch: {'ORDER': 'EL-072', 'SELLER': 'EL-072', 'WAREHOUSE': 'EL-073', 'RETURN': 'EL-073'}""}]"
CMP_00073,CONFLICT,IDENTITY_CONFLICT,CONFLICT,CONSISTENT,CONSISTENT,CONFLICT,0.9,1,"[{""conflict_type"": ""IDENTITY_CONFLICT"", ""severity"": ""HIGH"", ""evidence_sources"": [""ORDER"", ""SELLER"", ""WAREHOUSE"", ""RETURN""], ""interpretation"": ""Multi-source SKU mismatch: {'ORDER': 'FW-073', 'SELLER': 'FW-073', 'WAREHOUSE': 'FW-074', 'RETURN': 'FW-074'}""}]"
CMP_00074,CONSISTENT,,CONSISTENT,CONSISTENT,CONSISTENT,CONSISTENT,0.98,0,[]
CMP_00075,CONSISTENT,,CONSISTENT,CONSISTENT,CONSISTENT,CONSISTENT,0.98,0,[]
CMP_00076,CONSISTENT,,CONSISTENT,CONSISTENT,CONSISTENT,CONSISTENT,0.98,0,[]
CMP_00077,CONSISTENT,,CONSISTENT,CONSISTENT,CONSISTENT,CONSISTENT,0.98,0,[]
CMP_00078,CONFLICT,TEMPORAL_CONFLICT,CONSISTENT,CONSISTENT,CONFLICT,CONFLICT,0.95,3,"[{""conflict_type"": ""TEMPORAL_CONFLICT"", ""severity"": ""MEDIUM"", ""evidence_sources"": [""ORDER"", ""CARRIER""], ""interpretation"": ""Timeline inversion: ORDER (2026-01-15T09:00:00) occurred after CARRIER (2026-01-15T06:00:00).""}, {""conflict_type"": ""TEMPORAL_CONFLICT"", ""severity"": ""MEDIUM"", ""evidence_sources"": [""SELLER"", ""CARRIER""], ""interpretation"": ""Timeline inversion: SELLER (2026-01-15T10:30:00) occurred after CARRIER (2026-01-15T06:00:00).""}, {""conflict_type"": ""TEMPORAL_CONFLICT"", ""severity"": ""MEDIUM"", ""evidence_sources"": [""WAREHOUSE"", ""CARRIER""], ""interpretation"": ""Timeline inversion: WAREHOUSE (2026-01-16T08:00:00) occurred after CARRIER (2026-01-15T06:00:00).""}]"
CMP_00079,CONFLICT,IDENTITY_CONFLICT,CONFLICT,CONSISTENT,CONSISTENT,CONFLICT,0.9,1,"[{""conflict_type"": ""IDENTITY_CONFLICT"", ""severity"": ""HIGH"", ""evidence_sources"": [""ORDER"", ""SELLER"", ""WAREHOUSE"", ""RETURN""], ""interpretation"": ""Multi-source SKU mismatch: {'ORDER': 'AP-079', 'SELLER': 'AP-079', 'WAREHOUSE': 'AP-07:', 'RETURN': 'AP-07:'}""}]"
CMP_00080,CONSISTENT,,CONSISTENT,CONSISTENT,CONSISTENT,CONSISTENT,0.98,0,[]
CMP_00081,CONSISTENT,,CONSISTENT,CONSISTENT,CONSISTENT,CONSISTENT,0.98,0,[]
CMP_00082,CONSISTENT,,CONSISTENT,CONSISTENT,CONSISTENT,CONSISTENT,0.98,0,[]
CMP_00083,CONFLICT,WEIGHT_ANOMALY,CONSISTENT,CONFLICT,CONSISTENT,CONFLICT,0.9,1,"[{""conflict_type"": ""WEIGHT_ANOMALY"", ""severity"": ""HIGH"", ""evidence_sources"": [""WAREHOUSE"", ""RETURN""], ""measurement_outbound"": 650.0, ""measurement_return"": 162.0, ""variance"": ""75.1% drop"", ""interpretation"": ""Product weight loss of 75.1% between outbound (650.0g) and return (162.0g).""}]"
CMP_00084,CONFLICT,IDENTITY_CONFLICT,CONFLICT,CONSISTENT,CONSISTENT,CONFLICT,0.9,1,"[{""conflict_type"": ""IDENTITY_CONFLICT"", ""severity"": ""HIGH"", ""evidence_sources"": [""ORDER"", ""SELLER"", ""WAREHOUSE"", ""RETURN""], ""interpretation"": ""Multi-source SKU mismatch: {'ORDER': 'AP-084', 'SELLER': 'AP-084', 'WAREHOUSE': 'AP-085', 'RETURN': 'AP-085'}""}]"
CMP_00085,CONSISTENT,,CONSISTENT,CONSISTENT,CONSISTENT,CONSISTENT,0.98,0,[]
CMP_00086,CONFLICT,IDENTITY_CONFLICT,CONFLICT,CONSISTENT,CONSISTENT,CONFLICT,0.9,1,"[{""conflict_type"": ""IDENTITY_CONFLICT"", ""severity"": ""HIGH"", ""evidence_sources"": [""ORDER"", ""SELLER"", ""WAREHOUSE"", ""RETURN""], ""interpretation"": ""Multi-source SKU mismatch: {'ORDER': 'EL-086', 'SELLER': 'EL-086', 'WAREHOUSE': 'EL-087', 'RETURN': 'EL-087'}""}]"
CMP_00087,CONFLICT,IDENTITY_CONFLICT,CONFLICT,CONSISTENT,CONSISTENT,CONFLICT,0.9,1,"[{""conflict_type"": ""IDENTITY_CONFLICT"", ""severity"": ""HIGH"", ""evidence_sources"": [""ORDER"", ""SELLER"", ""WAREHOUSE"", ""RETURN""], ""interpretation"": ""Multi-source SKU mismatch: {'ORDER': 'AP-087', 'SELLER': 'AP-087', 'WAREHOUSE': 'AP-088', 'RETURN': 'AP-088'}""}]"
CMP_00088,CONFLICT,IDENTITY_CONFLICT,CONFLICT,CONSISTENT,CONSISTENT,CONFLICT,0.9,1,"[{""conflict_type"": ""IDENTITY_CONFLICT"", ""severity"": ""HIGH"", ""evidence_sources"": [""ORDER"", ""SELLER"", ""WAREHOUSE"", ""RETURN""], ""interpretation"": ""Multi-source SKU mismatch: {'ORDER': 'FW-088', 'SELLER': 'FW-088', 'WAREHOUSE': 'FW-089', 'RETURN': 'FW-089'}""}]"
CMP_00089,CONSISTENT,,CONSISTENT,CONSISTENT,CONSISTENT,CONSISTENT,0.98,0,[]
CMP_00090,CONFLICT,WEIGHT_ANOMALY,CONSISTENT,CONFLICT,CONSISTENT,CONFLICT,0.9,1,"[{""conflict_type"": ""WEIGHT_ANOMALY"", ""severity"": ""HIGH"", ""evidence_sources"": [""WAREHOUSE"", ""RETURN""], ""measurement_outbound"": 500.0, ""measurement_return"": 125.0, ""variance"": ""75.0% drop"", ""interpretation"": ""Product weight loss of 75.0% between outbound (500.0g) and return (125.0g).""}]"
CMP_00091,CONFLICT,IDENTITY_CONFLICT,CONFLICT,CONSISTENT,CONSISTENT,CONFLICT,0.9,1,"[{""conflict_type"": ""IDENTITY_CONFLICT"", ""severity"": ""HIGH"", ""evidence_sources"": [""ORDER"", ""SELLER"", ""WAREHOUSE"", ""RETURN""], ""interpretation"": ""Multi-source SKU mismatch: {'ORDER': 'AP-091', 'SELLER': 'AP-091', 'WAREHOUSE': 'AP-092', 'RETURN': 'AP-092'}""}]"
CMP_00092,CONSISTENT,,CONSISTENT,CONSISTENT,CONSISTENT,CONSISTENT,0.98,0,[]
CMP_00093,CONSISTENT,,CONSISTENT,CONSISTENT,CONSISTENT,CONSISTENT,0.98,0,[]
CMP_00094,CONFLICT,TEMPORAL_CONFLICT,CONSISTENT,CONSISTENT,CONFLICT,CONFLICT,0.95,3,"[{""conflict_type"": ""TEMPORAL_CONFLICT"", ""severity"": ""MEDIUM"", ""evidence_sources"": [""ORDER"", ""CARRIER""], ""interpretation"": ""Timeline inversion: ORDER (2026-01-15T09:00:00) occurred after CARRIER (2026-01-15T06:00:00).""}, {""conflict_type"": ""TEMPORAL_CONFLICT"", ""severity"": ""MEDIUM"", ""evidence_sources"": [""SELLER"", ""CARRIER""], ""interpretation"": ""Timeline inversion: SELLER (2026-01-15T10:30:00) occurred after CARRIER (2026-01-15T06:00:00).""}, {""conflict_type"": ""TEMPORAL_CONFLICT"", ""severity"": ""MEDIUM"", ""evidence_sources"": [""WAREHOUSE"", ""CARRIER""], ""interpretation"": ""Timeline inversion: WAREHOUSE (2026-01-16T08:00:00) occurred after CARRIER (2026-01-15T06:00:00).""}]"
CMP_00095,CONSISTENT,,CONSISTENT,CONSISTENT,CONSISTENT,CONSISTENT,0.98,0,[]
CMP_00096,CONFLICT,IDENTITY_CONFLICT,CONFLICT,CONSISTENT,CONSISTENT,CONFLICT,0.9,1,"[{""conflict_type"": ""IDENTITY_CONFLICT"", ""severity"": ""HIGH"", ""evidence_sources"": [""ORDER"", ""SELLER"", ""WAREHOUSE"", ""RETURN""], ""interpretation"": ""Multi-source SKU mismatch: {'ORDER': 'AP-096', 'SELLER': 'AP-096', 'WAREHOUSE': 'AP-097', 'RETURN': 'AP-097'}""}]"
CMP_00097,CONFLICT,IDENTITY_CONFLICT,CONFLICT,CONSISTENT,CONSISTENT,CONFLICT,0.9,1,"[{""conflict_type"": ""IDENTITY_CONFLICT"", ""severity"": ""HIGH"", ""evidence_sources"": [""ORDER"", ""SELLER"", ""WAREHOUSE"", ""RETURN""], ""interpretation"": ""Multi-source SKU mismatch: {'ORDER': 'AP-097', 'SELLER': 'AP-097', 'WAREHOUSE': 'AP-098', 'RETURN': 'AP-098'}""}]"
CMP_00098,CONFLICT,WEIGHT_ANOMALY,CONSISTENT,CONFLICT,CONSISTENT,CONFLICT,0.9,1,"[{""conflict_type"": ""WEIGHT_ANOMALY"", ""severity"": ""HIGH"", ""evidence_sources"": [""WAREHOUSE"", ""RETURN""], ""measurement_outbound"": 1800.0, ""measurement_return"": 450.0, ""variance"": ""75.0% drop"", ""interpretation"": ""Product weight loss of 75.0% between outbound (1800.0g) and return (450.0g).""}]"
CMP_00099,CONFLICT,IDENTITY_CONFLICT,CONFLICT,CONSISTENT,CONSISTENT,CONFLICT,0.9,1,"[{""conflict_type"": ""IDENTITY_CONFLICT"", ""severity"": ""HIGH"", ""evidence_sources"": [""ORDER"", ""SELLER"", ""WAREHOUSE"", ""RETURN""], ""interpretation"": ""Multi-source SKU mismatch: {'ORDER': 'AP-099', 'SELLER': 'AP-099', 'WAREHOUSE': 'AP-09:', 'RETURN': 'AP-09:'}""}]"
CMP_00100,CONSISTENT,,CONSISTENT,CONSISTENT,CONSISTENT,CONSISTENT,0.98,0,[]
CMP_00101,CONSISTENT,,CONSISTENT,CONSISTENT,CONSISTENT,CONSISTENT,0.98,0,[]
CMP_00102,CONFLICT,IDENTITY_CONFLICT,CONFLICT,CONSISTENT,CONSISTENT,CONFLICT,0.9,1,"[{""conflict_type"": ""IDENTITY_CONFLICT"", ""severity"": ""HIGH"", ""evidence_sources"": [""ORDER"", ""SELLER"", ""WAREHOUSE"", ""RETURN""], ""interpretation"": ""Multi-source SKU mismatch: {'ORDER': 'EL-102', 'SELLER': 'EL-102', 'WAREHOUSE': 'EL-103', 'RETURN': 'EL-103'}""}]"
CMP_00103,CONFLICT,IDENTITY_CONFLICT,CONFLICT,CONSISTENT,CONSISTENT,CONFLICT,0.9,1,"[{""conflict_type"": ""IDENTITY_CONFLICT"", ""severity"": ""HIGH"", ""evidence_sources"": [""ORDER"", ""SELLER"", ""WAREHOUSE"", ""RETURN""], ""interpretation"": ""Multi-source SKU mismatch: {'ORDER': 'FW-103', 'SELLER': 'FW-103', 'WAREHOUSE': 'FW-104', 'RETURN': 'FW-104'}""}]"
CMP_00104,CONSISTENT,,CONSISTENT,CONSISTENT,CONSISTENT,CONSISTENT,0.98,0,[]
CMP_00105,CONSISTENT,,CONSISTENT,CONSISTENT,CONSISTENT,CONSISTENT,0.98,0,[]
CMP_00106,CONFLICT,IDENTITY_CONFLICT,CONFLICT,CONSISTENT,CONSISTENT,CONFLICT,0.9,1,"[{""conflict_type"": ""IDENTITY_CONFLICT"", ""severity"": ""HIGH"", ""evidence_sources"": [""ORDER"", ""SELLER"", ""WAREHOUSE"", ""RETURN""], ""interpretation"": ""Multi-source SKU mismatch: {'ORDER': 'EL-106', 'SELLER': 'EL-106', 'WAREHOUSE': 'EL-107', 'RETURN': 'EL-107'}""}]"
CMP_00107,CONSISTENT,,CONSISTENT,CONSISTENT,CONSISTENT,CONSISTENT,0.98,0,[]
CMP_00108,CONSISTENT,,CONSISTENT,CONSISTENT,CONSISTENT,CONSISTENT,0.98,0,[]
CMP_00109,CONFLICT,IDENTITY_CONFLICT,CONFLICT,CONSISTENT,CONSISTENT,CONFLICT,0.9,1,"[{""conflict_type"": ""IDENTITY_CONFLICT"", ""severity"": ""HIGH"", ""evidence_sources"": [""ORDER"", ""SELLER"", ""WAREHOUSE"", ""RETURN""], ""interpretation"": ""Multi-source SKU mismatch: {'ORDER': 'AP-109', 'SELLER': 'AP-109', 'WAREHOUSE': 'AP-10:', 'RETURN': 'AP-10:'}""}]"
CMP_00110,CONFLICT,TEMPORAL_CONFLICT,CONSISTENT,CONSISTENT,CONFLICT,CONFLICT,0.95,3,"[{""conflict_type"": ""TEMPORAL_CONFLICT"", ""severity"": ""MEDIUM"", ""evidence_sources"": [""ORDER"", ""CARRIER""], ""interpretation"": ""Timeline inversion: ORDER (2026-01-15T09:00:00) occurred after CARRIER (2026-01-15T06:00:00).""}, {""conflict_type"": ""TEMPORAL_CONFLICT"", ""severity"": ""MEDIUM"", ""evidence_sources"": [""SELLER"", ""CARRIER""], ""interpretation"": ""Timeline inversion: SELLER (2026-01-15T10:30:00) occurred after CARRIER (2026-01-15T06:00:00).""}, {""conflict_type"": ""TEMPORAL_CONFLICT"", ""severity"": ""MEDIUM"", ""evidence_sources"": [""WAREHOUSE"", ""CARRIER""], ""interpretation"": ""Timeline inversion: WAREHOUSE (2026-01-16T08:00:00) occurred after CARRIER (2026-01-15T06:00:00).""}]"
CMP_00111,CONFLICT,TEMPORAL_CONFLICT,CONSISTENT,CONSISTENT,CONFLICT,CONFLICT,0.95,3,"[{""conflict_type"": ""TEMPORAL_CONFLICT"", ""severity"": ""MEDIUM"", ""evidence_sources"": [""ORDER"", ""CARRIER""], ""interpretation"": ""Timeline inversion: ORDER (2026-01-15T09:00:00) occurred after CARRIER (2026-01-15T06:00:00).""}, {""conflict_type"": ""TEMPORAL_CONFLICT"", ""severity"": ""MEDIUM"", ""evidence_sources"": [""SELLER"", ""CARRIER""], ""interpretation"": ""Timeline inversion: SELLER (2026-01-15T10:30:00) occurred after CARRIER (2026-01-15T06:00:00).""}, {""conflict_type"": ""TEMPORAL_CONFLICT"", ""severity"": ""MEDIUM"", ""evidence_sources"": [""WAREHOUSE"", ""CARRIER""], ""interpretation"": ""Timeline inversion: WAREHOUSE (2026-01-16T08:00:00) occurred after CARRIER (2026-01-15T06:00:00).""}]"
CMP_00112,CONSISTENT,,CONSISTENT,CONSISTENT,CONSISTENT,CONSISTENT,0.98,0,[]
CMP_00113,CONFLICT,IDENTITY_CONFLICT,CONFLICT,CONSISTENT,CONSISTENT,CONFLICT,0.9,1,"[{""conflict_type"": ""IDENTITY_CONFLICT"", ""severity"": ""HIGH"", ""evidence_sources"": [""ORDER"", ""SELLER"", ""WAREHOUSE"", ""RETURN""], ""interpretation"": ""Multi-source SKU mismatch: {'ORDER': 'AP-113', 'SELLER': 'AP-113', 'WAREHOUSE': 'AP-114', 'RETURN': 'AP-114'}""}]"
CMP_00114,CONSISTENT,,CONSISTENT,CONSISTENT,CONSISTENT,CONSISTENT,0.98,0,[]
CMP_00115,CONFLICT,WEIGHT_ANOMALY,CONSISTENT,CONFLICT,CONSISTENT,CONFLICT,0.9,1,"[{""conflict_type"": ""WEIGHT_ANOMALY"", ""severity"": ""HIGH"", ""evidence_sources"": [""WAREHOUSE"", ""RETURN""], ""measurement_outbound"": 280.0, ""measurement_return"": 70.0, ""variance"": ""75.0% drop"", ""interpretation"": ""Product weight loss of 75.0% between outbound (280.0g) and return (70.0g).""}]"
CMP_00116,CONSISTENT,,CONSISTENT,CONSISTENT,CONSISTENT,CONSISTENT,0.98,0,[]
CMP_00117,CONFLICT,IDENTITY_CONFLICT,CONFLICT,CONSISTENT,CONSISTENT,CONFLICT,0.9,1,"[{""conflict_type"": ""IDENTITY_CONFLICT"", ""severity"": ""HIGH"", ""evidence_sources"": [""ORDER"", ""SELLER"", ""WAREHOUSE"", ""RETURN""], ""interpretation"": ""Multi-source SKU mismatch: {'ORDER': 'AP-117', 'SELLER': 'AP-117', 'WAREHOUSE': 'AP-118', 'RETURN': 'AP-118'}""}]"
CMP_00118,CONFLICT,IDENTITY_CONFLICT,CONFLICT,CONSISTENT,CONSISTENT,CONFLICT,0.9,1,"[{""conflict_type"": ""IDENTITY_CONFLICT"", ""severity"": ""HIGH"", ""evidence_sources"": [""ORDER"", ""SELLER"", ""WAREHOUSE"", ""RETURN""], ""interpretation"": ""Multi-source SKU mismatch: {'ORDER': 'AP-118', 'SELLER': 'AP-118', 'WAREHOUSE': 'AP-119', 'RETURN': 'AP-119'}""}]"
CMP_00119,CONFLICT,IDENTITY_CONFLICT,CONFLICT,CONSISTENT,CONSISTENT,CONFLICT,0.9,1,"[{""conflict_type"": ""IDENTITY_CONFLICT"", ""severity"": ""HIGH"", ""evidence_sources"": [""ORDER"", ""SELLER"", ""WAREHOUSE"", ""RETURN""], ""interpretation"": ""Multi-source SKU mismatch: {'ORDER': 'GN-119', 'SELLER': 'GN-119', 'WAREHOUSE': 'GN-11:', 'RETURN': 'GN-11:'}""}]"
CMP_00120,CONFLICT,TEMPORAL_CONFLICT,CONSISTENT,CONSISTENT,CONFLICT,CONFLICT,0.95,3,"[{""conflict_type"": ""TEMPORAL_CONFLICT"", ""severity"": ""MEDIUM"", ""evidence_sources"": [""ORDER"", ""CARRIER""], ""interpretation"": ""Timeline inversion: ORDER (2026-01-15T09:00:00) occurred after CARRIER (2026-01-15T06:00:00).""}, {""conflict_type"": ""TEMPORAL_CONFLICT"", ""severity"": ""MEDIUM"", ""evidence_sources"": [""SELLER"", ""CARRIER""], ""interpretation"": ""Timeline inversion: SELLER (2026-01-15T10:30:00) occurred after CARRIER (2026-01-15T06:00:00).""}, {""conflict_type"": ""TEMPORAL_CONFLICT"", ""severity"": ""MEDIUM"", ""evidence_sources"": [""WAREHOUSE"", ""CARRIER""], ""interpretation"": ""Timeline inversion: WAREHOUSE (2026-01-16T08:00:00) occurred after CARRIER (2026-01-15T06:00:00).""}]"
CMP_00121,CONFLICT,WEIGHT_ANOMALY,CONSISTENT,CONFLICT,CONSISTENT,CONFLICT,0.9,1,"[{""conflict_type"": ""WEIGHT_ANOMALY"", ""severity"": ""HIGH"", ""evidence_sources"": [""WAREHOUSE"", ""RETURN""], ""measurement_outbound"": 650.0, ""measurement_return"": 162.0, ""variance"": ""75.1% drop"", ""interpretation"": ""Product weight loss of 75.1% between outbound (650.0g) and return (162.0g).""}]"
CMP_00122,CONSISTENT,,CONSISTENT,CONSISTENT,CONSISTENT,CONSISTENT,0.98,0,[]
CMP_00123,CONFLICT,TEMPORAL_CONFLICT,CONSISTENT,CONSISTENT,CONFLICT,CONFLICT,0.95,3,"[{""conflict_type"": ""TEMPORAL_CONFLICT"", ""severity"": ""MEDIUM"", ""evidence_sources"": [""ORDER"", ""CARRIER""], ""interpretation"": ""Timeline inversion: ORDER (2026-01-15T09:00:00) occurred after CARRIER (2026-01-15T06:00:00).""}, {""conflict_type"": ""TEMPORAL_CONFLICT"", ""severity"": ""MEDIUM"", ""evidence_sources"": [""SELLER"", ""CARRIER""], ""interpretation"": ""Timeline inversion: SELLER (2026-01-15T10:30:00) occurred after CARRIER (2026-01-15T06:00:00).""}, {""conflict_type"": ""TEMPORAL_CONFLICT"", ""severity"": ""MEDIUM"", ""evidence_sources"": [""WAREHOUSE"", ""CARRIER""], ""interpretation"": ""Timeline inversion: WAREHOUSE (2026-01-16T08:00:00) occurred after CARRIER (2026-01-15T06:00:00).""}]"
CMP_00124,CONSISTENT,,CONSISTENT,CONSISTENT,CONSISTENT,CONSISTENT,0.98,0,[]
CMP_00125,CONFLICT,IDENTITY_CONFLICT,CONFLICT,CONSISTENT,CONSISTENT,CONFLICT,0.9,1,"[{""conflict_type"": ""IDENTITY_CONFLICT"", ""severity"": ""HIGH"", ""evidence_sources"": [""ORDER"", ""SELLER"", ""WAREHOUSE"", ""RETURN""], ""interpretation"": ""Multi-source SKU mismatch: {'ORDER': 'GN-125', 'SELLER': 'GN-125', 'WAREHOUSE': 'GN-126', 'RETURN': 'GN-126'}""}]"
CMP_00126,CONSISTENT,,CONSISTENT,CONSISTENT,CONSISTENT,CONSISTENT,0.98,0,[]
CMP_00127,CONSISTENT,,CONSISTENT,CONSISTENT,CONSISTENT,CONSISTENT,0.98,0,[]
CMP_00128,CONSISTENT,,CONSISTENT,CONSISTENT,CONSISTENT,CONSISTENT,0.98,0,[]
CMP_00129,CONSISTENT,,CONSISTENT,CONSISTENT,CONSISTENT,CONSISTENT,0.98,0,[]
CMP_00130,CONFLICT,IDENTITY_CONFLICT,CONFLICT,CONSISTENT,CONSISTENT,CONFLICT,0.9,1,"[{""conflict_type"": ""IDENTITY_CONFLICT"", ""severity"": ""HIGH"", ""evidence_sources"": [""ORDER"", ""SELLER"", ""WAREHOUSE"", ""RETURN""], ""interpretation"": ""Multi-source SKU mismatch: {'ORDER': 'AP-130', 'SELLER': 'AP-130', 'WAREHOUSE': 'AP-131', 'RETURN': 'AP-131'}""}]"
CMP_00131,CONFLICT,IDENTITY_CONFLICT,CONFLICT,CONSISTENT,CONSISTENT,CONFLICT,0.9,1,"[{""conflict_type"": ""IDENTITY_CONFLICT"", ""severity"": ""HIGH"", ""evidence_sources"": [""ORDER"", ""SELLER"", ""WAREHOUSE"", ""RETURN""], ""interpretation"": ""Multi-source SKU mismatch: {'ORDER': 'AP-131', 'SELLER': 'AP-131', 'WAREHOUSE': 'AP-132', 'RETURN': 'AP-132'}""}]"
CMP_00132,CONSISTENT,,CONSISTENT,CONSISTENT,CONSISTENT,CONSISTENT,0.98,0,[]
CMP_00133,CONFLICT,TEMPORAL_CONFLICT,CONSISTENT,CONSISTENT,CONFLICT,CONFLICT,0.95,3,"[{""conflict_type"": ""TEMPORAL_CONFLICT"", ""severity"": ""MEDIUM"", ""evidence_sources"": [""ORDER"", ""CARRIER""], ""interpretation"": ""Timeline inversion: ORDER (2026-01-15T09:00:00) occurred after CARRIER (2026-01-15T06:00:00).""}, {""conflict_type"": ""TEMPORAL_CONFLICT"", ""severity"": ""MEDIUM"", ""evidence_sources"": [""SELLER"", ""CARRIER""], ""interpretation"": ""Timeline inversion: SELLER (2026-01-15T10:30:00) occurred after CARRIER (2026-01-15T06:00:00).""}, {""conflict_type"": ""TEMPORAL_CONFLICT"", ""severity"": ""MEDIUM"", ""evidence_sources"": [""WAREHOUSE"", ""CARRIER""], ""interpretation"": ""Timeline inversion: WAREHOUSE (2026-01-16T08:00:00) occurred after CARRIER (2026-01-15T06:00:00).""}]"
CMP_00134,CONFLICT,TEMPORAL_CONFLICT,CONSISTENT,CONSISTENT,CONFLICT,CONFLICT,0.95,3,"[{""conflict_type"": ""TEMPORAL_CONFLICT"", ""severity"": ""MEDIUM"", ""evidence_sources"": [""ORDER"", ""CARRIER""], ""interpretation"": ""Timeline inversion: ORDER (2026-01-15T09:00:00) occurred after CARRIER (2026-01-15T06:00:00).""}, {""conflict_type"": ""TEMPORAL_CONFLICT"", ""severity"": ""MEDIUM"", ""evidence_sources"": [""SELLER"", ""CARRIER""], ""interpretation"": ""Timeline inversion: SELLER (2026-01-15T10:30:00) occurred after CARRIER (2026-01-15T06:00:00).""}, {""conflict_type"": ""TEMPORAL_CONFLICT"", ""severity"": ""MEDIUM"", ""evidence_sources"": [""WAREHOUSE"", ""CARRIER""], ""interpretation"": ""Timeline inversion: WAREHOUSE (2026-01-16T08:00:00) occurred after CARRIER (2026-01-15T06:00:00).""}]"
CMP_00135,CONFLICT,IDENTITY_CONFLICT,CONFLICT,CONSISTENT,CONSISTENT,CONFLICT,0.9,1,"[{""conflict_type"": ""IDENTITY_CONFLICT"", ""severity"": ""HIGH"", ""evidence_sources"": [""ORDER"", ""SELLER"", ""WAREHOUSE"", ""RETURN""], ""interpretation"": ""Multi-source SKU mismatch: {'ORDER': 'FW-135', 'SELLER': 'FW-135', 'WAREHOUSE': 'FW-136', 'RETURN': 'FW-136'}""}]"
CMP_00136,CONFLICT,IDENTITY_CONFLICT,CONFLICT,CONSISTENT,CONSISTENT,CONFLICT,0.9,1,"[{""conflict_type"": ""IDENTITY_CONFLICT"", ""severity"": ""HIGH"", ""evidence_sources"": [""ORDER"", ""SELLER"", ""WAREHOUSE"", ""RETURN""], ""interpretation"": ""Multi-source SKU mismatch: {'ORDER': 'EL-136', 'SELLER': 'EL-136', 'WAREHOUSE': 'EL-137', 'RETURN': 'EL-137'}""}]"
CMP_00137,CONSISTENT,,CONSISTENT,CONSISTENT,CONSISTENT,CONSISTENT,0.98,0,[]
CMP_00138,CONSISTENT,,CONSISTENT,CONSISTENT,CONSISTENT,CONSISTENT,0.98,0,[]
CMP_00139,CONFLICT,WEIGHT_ANOMALY,CONSISTENT,CONFLICT,CONSISTENT,CONFLICT,0.9,1,"[{""conflict_type"": ""WEIGHT_ANOMALY"", ""severity"": ""HIGH"", ""evidence_sources"": [""WAREHOUSE"", ""RETURN""], ""measurement_outbound"": 650.0, ""measurement_return"": 162.0, ""variance"": ""75.1% drop"", ""interpretation"": ""Product weight loss of 75.1% between outbound (650.0g) and return (162.0g).""}]"
CMP_00140,CONSISTENT,,CONSISTENT,CONSISTENT,CONSISTENT,CONSISTENT,0.98,0,[]
CMP_00141,CONFLICT,IDENTITY_CONFLICT,CONFLICT,CONSISTENT,CONSISTENT,CONFLICT,0.9,1,"[{""conflict_type"": ""IDENTITY_CONFLICT"", ""severity"": ""HIGH"", ""evidence_sources"": [""ORDER"", ""SELLER"", ""WAREHOUSE"", ""RETURN""], ""interpretation"": ""Multi-source SKU mismatch: {'ORDER': 'AP-141', 'SELLER': 'AP-141', 'WAREHOUSE': 'AP-142', 'RETURN': 'AP-142'}""}]"
CMP_00142,CONFLICT,IDENTITY_CONFLICT,CONFLICT,CONSISTENT,CONSISTENT,CONFLICT,0.9,1,"[{""conflict_type"": ""IDENTITY_CONFLICT"", ""severity"": ""HIGH"", ""evidence_sources"": [""ORDER"", ""SELLER"", ""WAREHOUSE"", ""RETURN""], ""interpretation"": ""Multi-source SKU mismatch: {'ORDER': 'FW-142', 'SELLER': 'FW-142', 'WAREHOUSE': 'FW-143', 'RETURN': 'FW-143'}""}]"
CMP_00143,CONFLICT,IDENTITY_CONFLICT,CONFLICT,CONSISTENT,CONSISTENT,CONFLICT,0.9,1,"[{""conflict_type"": ""IDENTITY_CONFLICT"", ""severity"": ""HIGH"", ""evidence_sources"": [""ORDER"", ""SELLER"", ""WAREHOUSE"", ""RETURN""], ""interpretation"": ""Multi-source SKU mismatch: {'ORDER': 'AP-143', 'SELLER': 'AP-143', 'WAREHOUSE': 'AP-144', 'RETURN': 'AP-144'}""}]"
CMP_00144,CONFLICT,IDENTITY_CONFLICT,CONFLICT,CONSISTENT,CONSISTENT,CONFLICT,0.9,1,"[{""conflict_type"": ""IDENTITY_CONFLICT"", ""severity"": ""HIGH"", ""evidence_sources"": [""ORDER"", ""SELLER"", ""WAREHOUSE"", ""RETURN""], ""interpretation"": ""Multi-source SKU mismatch: {'ORDER': 'AP-144', 'SELLER': 'AP-144', 'WAREHOUSE': 'AP-145', 'RETURN': 'AP-145'}""}]"
CMP_00145,CONFLICT,IDENTITY_CONFLICT,CONFLICT,CONSISTENT,CONSISTENT,CONFLICT,0.9,1,"[{""conflict_type"": ""IDENTITY_CONFLICT"", ""severity"": ""HIGH"", ""evidence_sources"": [""ORDER"", ""SELLER"", ""WAREHOUSE"", ""RETURN""], ""interpretation"": ""Multi-source SKU mismatch: {'ORDER': 'FW-145', 'SELLER': 'FW-145', 'WAREHOUSE': 'FW-146', 'RETURN': 'FW-146'}""}]"
CMP_00146,CONFLICT,IDENTITY_CONFLICT,CONFLICT,CONSISTENT,CONSISTENT,CONFLICT,0.9,1,"[{""conflict_type"": ""IDENTITY_CONFLICT"", ""severity"": ""HIGH"", ""evidence_sources"": [""ORDER"", ""SELLER"", ""WAREHOUSE"", ""RETURN""], ""interpretation"": ""Multi-source SKU mismatch: {'ORDER': 'AP-146', 'SELLER': 'AP-146', 'WAREHOUSE': 'AP-147', 'RETURN': 'AP-147'}""}]"
CMP_00147,CONFLICT,TEMPORAL_CONFLICT,CONSISTENT,CONSISTENT,CONFLICT,CONFLICT,0.95,3,"[{""conflict_type"": ""TEMPORAL_CONFLICT"", ""severity"": ""MEDIUM"", ""evidence_sources"": [""ORDER"", ""CARRIER""], ""interpretation"": ""Timeline inversion: ORDER (2026-01-15T09:00:00) occurred after CARRIER (2026-01-15T06:00:00).""}, {""conflict_type"": ""TEMPORAL_CONFLICT"", ""severity"": ""MEDIUM"", ""evidence_sources"": [""SELLER"", ""CARRIER""], ""interpretation"": ""Timeline inversion: SELLER (2026-01-15T10:30:00) occurred after CARRIER (2026-01-15T06:00:00).""}, {""conflict_type"": ""TEMPORAL_CONFLICT"", ""severity"": ""MEDIUM"", ""evidence_sources"": [""WAREHOUSE"", ""CARRIER""], ""interpretation"": ""Timeline inversion: WAREHOUSE (2026-01-16T08:00:00) occurred after CARRIER (2026-01-15T06:00:00).""}]"
CMP_00148,CONSISTENT,,CONSISTENT,CONSISTENT,CONSISTENT,CONSISTENT,0.98,0,[]
CMP_00149,CONSISTENT,,CONSISTENT,CONSISTENT,CONSISTENT,CONSISTENT,0.98,0,[]
CMP_00150,CONSISTENT,,CONSISTENT,CONSISTENT,CONSISTENT,CONSISTENT,0.98,0,[]
CMP_00151,CONFLICT,WEIGHT_ANOMALY,CONSISTENT,CONFLICT,CONSISTENT,CONFLICT,0.9,1,"[{""conflict_type"": ""WEIGHT_ANOMALY"", ""severity"": ""HIGH"", ""evidence_sources"": [""WAREHOUSE"", ""RETURN""], ""measurement_outbound"": 280.0, ""measurement_return"": 70.0, ""variance"": ""75.0% drop"", ""interpretation"": ""Product weight loss of 75.0% between outbound (280.0g) and return (70.0g).""}]"
CMP_00152,CONSISTENT,,CONSISTENT,CONSISTENT,CONSISTENT,CONSISTENT,0.98,0,[]
CMP_00153,CONFLICT,WEIGHT_ANOMALY,CONSISTENT,CONFLICT,CONSISTENT,CONFLICT,0.9,1,"[{""conflict_type"": ""WEIGHT_ANOMALY"", ""severity"": ""HIGH"", ""evidence_sources"": [""WAREHOUSE"", ""RETURN""], ""measurement_outbound"": 280.0, ""measurement_return"": 70.0, ""variance"": ""75.0% drop"", ""interpretation"": ""Product weight loss of 75.0% between outbound (280.0g) and return (70.0g).""}]"
CMP_00154,CONSISTENT,,CONSISTENT,CONSISTENT,CONSISTENT,CONSISTENT,0.98,0,[]
CMP_00155,CONFLICT,IDENTITY_CONFLICT,CONFLICT,CONSISTENT,CONSISTENT,CONFLICT,0.9,1,"[{""conflict_type"": ""IDENTITY_CONFLICT"", ""severity"": ""HIGH"", ""evidence_sources"": [""ORDER"", ""SELLER"", ""WAREHOUSE"", ""RETURN""], ""interpretation"": ""Multi-source SKU mismatch: {'ORDER': 'AP-155', 'SELLER': 'AP-155', 'WAREHOUSE': 'AP-156', 'RETURN': 'AP-156'}""}]"
CMP_00156,CONFLICT,TEMPORAL_CONFLICT,CONSISTENT,CONSISTENT,CONFLICT,CONFLICT,0.95,3,"[{""conflict_type"": ""TEMPORAL_CONFLICT"", ""severity"": ""MEDIUM"", ""evidence_sources"": [""ORDER"", ""CARRIER""], ""interpretation"": ""Timeline inversion: ORDER (2026-01-15T09:00:00) occurred after CARRIER (2026-01-15T06:00:00).""}, {""conflict_type"": ""TEMPORAL_CONFLICT"", ""severity"": ""MEDIUM"", ""evidence_sources"": [""SELLER"", ""CARRIER""], ""interpretation"": ""Timeline inversion: SELLER (2026-01-15T10:30:00) occurred after CARRIER (2026-01-15T06:00:00).""}, {""conflict_type"": ""TEMPORAL_CONFLICT"", ""severity"": ""MEDIUM"", ""evidence_sources"": [""WAREHOUSE"", ""CARRIER""], ""interpretation"": ""Timeline inversion: WAREHOUSE (2026-01-16T08:00:00) occurred after CARRIER (2026-01-15T06:00:00).""}]"
CMP_00157,CONFLICT,WEIGHT_ANOMALY,CONSISTENT,CONFLICT,CONSISTENT,CONFLICT,0.9,1,"[{""conflict_type"": ""WEIGHT_ANOMALY"", ""severity"": ""HIGH"", ""evidence_sources"": [""WAREHOUSE"", ""RETURN""], ""measurement_outbound"": 280.0, ""measurement_return"": 70.0, ""variance"": ""75.0% drop"", ""interpretation"": ""Product weight loss of 75.0% between outbound (280.0g) and return (70.0g).""}]"
CMP_00158,CONFLICT,WEIGHT_ANOMALY,CONSISTENT,CONFLICT,CONSISTENT,CONFLICT,0.9,1,"[{""conflict_type"": ""WEIGHT_ANOMALY"", ""severity"": ""HIGH"", ""evidence_sources"": [""WAREHOUSE"", ""RETURN""], ""measurement_outbound"": 500.0, ""measurement_return"": 125.0, ""variance"": ""75.0% drop"", ""interpretation"": ""Product weight loss of 75.0% between outbound (500.0g) and return (125.0g).""}]"
CMP_00159,CONFLICT,IDENTITY_CONFLICT,CONFLICT,CONSISTENT,CONSISTENT,CONFLICT,0.9,1,"[{""conflict_type"": ""IDENTITY_CONFLICT"", ""severity"": ""HIGH"", ""evidence_sources"": [""ORDER"", ""SELLER"", ""WAREHOUSE"", ""RETURN""], ""interpretation"": ""Multi-source SKU mismatch: {'ORDER': 'AP-159', 'SELLER': 'AP-159', 'WAREHOUSE': 'AP-15:', 'RETURN': 'AP-15:'}""}]"
CMP_00160,CONFLICT,IDENTITY_CONFLICT,CONFLICT,CONSISTENT,CONSISTENT,CONFLICT,0.9,1,"[{""conflict_type"": ""IDENTITY_CONFLICT"", ""severity"": ""HIGH"", ""evidence_sources"": [""ORDER"", ""SELLER"", ""WAREHOUSE"", ""RETURN""], ""interpretation"": ""Multi-source SKU mismatch: {'ORDER': 'AP-160', 'SELLER': 'AP-160', 'WAREHOUSE': 'AP-161', 'RETURN': 'AP-161'}""}]"
CMP_00161,CONFLICT,IDENTITY_CONFLICT,CONFLICT,CONSISTENT,CONSISTENT,CONFLICT,0.9,1,"[{""conflict_type"": ""IDENTITY_CONFLICT"", ""severity"": ""HIGH"", ""evidence_sources"": [""ORDER"", ""SELLER"", ""WAREHOUSE"", ""RETURN""], ""interpretation"": ""Multi-source SKU mismatch: {'ORDER': 'FW-161', 'SELLER': 'FW-161', 'WAREHOUSE': 'FW-162', 'RETURN': 'FW-162'}""}]"
CMP_00162,CONSISTENT,,CONSISTENT,CONSISTENT,CONSISTENT,CONSISTENT,0.98,0,[]
CMP_00163,CONSISTENT,,CONSISTENT,CONSISTENT,CONSISTENT,CONSISTENT,0.98,0,[]
CMP_00164,CONFLICT,IDENTITY_CONFLICT,CONFLICT,CONSISTENT,CONSISTENT,CONFLICT,0.9,1,"[{""conflict_type"": ""IDENTITY_CONFLICT"", ""severity"": ""HIGH"", ""evidence_sources"": [""ORDER"", ""SELLER"", ""WAREHOUSE"", ""RETURN""], ""interpretation"": ""Multi-source SKU mismatch: {'ORDER': 'AP-164', 'SELLER': 'AP-164', 'WAREHOUSE': 'AP-165', 'RETURN': 'AP-165'}""}]"
CMP_00165,CONFLICT,WEIGHT_ANOMALY,CONSISTENT,CONFLICT,CONSISTENT,CONFLICT,0.9,1,"[{""conflict_type"": ""WEIGHT_ANOMALY"", ""severity"": ""HIGH"", ""evidence_sources"": [""WAREHOUSE"", ""RETURN""], ""measurement_outbound"": 1800.0, ""measurement_return"": 450.0, ""variance"": ""75.0% drop"", ""interpretation"": ""Product weight loss of 75.0% between outbound (1800.0g) and return (450.0g).""}]"
CMP_00166,CONSISTENT,,CONSISTENT,CONSISTENT,CONSISTENT,CONSISTENT,0.98,0,[]
CMP_00167,CONFLICT,WEIGHT_ANOMALY,CONSISTENT,CONFLICT,CONSISTENT,CONFLICT,0.9,1,"[{""conflict_type"": ""WEIGHT_ANOMALY"", ""severity"": ""HIGH"", ""evidence_sources"": [""WAREHOUSE"", ""RETURN""], ""measurement_outbound"": 500.0, ""measurement_return"": 125.0, ""variance"": ""75.0% drop"", ""interpretation"": ""Product weight loss of 75.0% between outbound (500.0g) and return (125.0g).""}]"
CMP_00168,CONFLICT,IDENTITY_CONFLICT,CONFLICT,CONSISTENT,CONSISTENT,CONFLICT,0.9,1,"[{""conflict_type"": ""IDENTITY_CONFLICT"", ""severity"": ""HIGH"", ""evidence_sources"": [""ORDER"", ""SELLER"", ""WAREHOUSE"", ""RETURN""], ""interpretation"": ""Multi-source SKU mismatch: {'ORDER': 'FW-168', 'SELLER': 'FW-168', 'WAREHOUSE': 'FW-169', 'RETURN': 'FW-169'}""}]"
CMP_00169,CONFLICT,WEIGHT_ANOMALY,CONSISTENT,CONFLICT,CONSISTENT,CONFLICT,0.9,1,"[{""conflict_type"": ""WEIGHT_ANOMALY"", ""severity"": ""HIGH"", ""evidence_sources"": [""WAREHOUSE"", ""RETURN""], ""measurement_outbound"": 280.0, ""measurement_return"": 70.0, ""variance"": ""75.0% drop"", ""interpretation"": ""Product weight loss of 75.0% between outbound (280.0g) and return (70.0g).""}]"
CMP_00170,CONFLICT,WEIGHT_ANOMALY,CONSISTENT,CONFLICT,CONSISTENT,CONFLICT,0.9,1,"[{""conflict_type"": ""WEIGHT_ANOMALY"", ""severity"": ""HIGH"", ""evidence_sources"": [""WAREHOUSE"", ""RETURN""], ""measurement_outbound"": 280.0, ""measurement_return"": 70.0, ""variance"": ""75.0% drop"", ""interpretation"": ""Product weight loss of 75.0% between outbound (280.0g) and return (70.0g).""}]"
CMP_00171,CONFLICT,IDENTITY_CONFLICT,CONFLICT,CONSISTENT,CONSISTENT,CONFLICT,0.9,1,"[{""conflict_type"": ""IDENTITY_CONFLICT"", ""severity"": ""HIGH"", ""evidence_sources"": [""ORDER"", ""SELLER"", ""WAREHOUSE"", ""RETURN""], ""interpretation"": ""Multi-source SKU mismatch: {'ORDER': 'AP-171', 'SELLER': 'AP-171', 'WAREHOUSE': 'AP-172', 'RETURN': 'AP-172'}""}]"
CMP_00172,CONFLICT,IDENTITY_CONFLICT,CONFLICT,CONSISTENT,CONSISTENT,CONFLICT,0.9,1,"[{""conflict_type"": ""IDENTITY_CONFLICT"", ""severity"": ""HIGH"", ""evidence_sources"": [""ORDER"", ""SELLER"", ""WAREHOUSE"", ""RETURN""], ""interpretation"": ""Multi-source SKU mismatch: {'ORDER': 'FW-172', 'SELLER': 'FW-172', 'WAREHOUSE': 'FW-173', 'RETURN': 'FW-173'}""}]"
CMP_00173,CONSISTENT,,CONSISTENT,CONSISTENT,CONSISTENT,CONSISTENT,0.98,0,[]
CMP_00174,CONSISTENT,,CONSISTENT,CONSISTENT,CONSISTENT,CONSISTENT,0.98,0,[]
CMP_00175,CONFLICT,IDENTITY_CONFLICT,CONFLICT,CONSISTENT,CONSISTENT,CONFLICT,0.9,1,"[{""conflict_type"": ""IDENTITY_CONFLICT"", ""severity"": ""HIGH"", ""evidence_sources"": [""ORDER"", ""SELLER"", ""WAREHOUSE"", ""RETURN""], ""interpretation"": ""Multi-source SKU mismatch: {'ORDER': 'AP-175', 'SELLER': 'AP-175', 'WAREHOUSE': 'AP-176', 'RETURN': 'AP-176'}""}]"
CMP_00176,CONSISTENT,,CONSISTENT,CONSISTENT,CONSISTENT,CONSISTENT,0.98,0,[]
CMP_00177,CONFLICT,WEIGHT_ANOMALY,CONSISTENT,CONFLICT,CONSISTENT,CONFLICT,0.9,1,"[{""conflict_type"": ""WEIGHT_ANOMALY"", ""severity"": ""HIGH"", ""evidence_sources"": [""WAREHOUSE"", ""RETURN""], ""measurement_outbound"": 650.0, ""measurement_return"": 162.0, ""variance"": ""75.1% drop"", ""interpretation"": ""Product weight loss of 75.1% between outbound (650.0g) and return (162.0g).""}]"
CMP_00178,CONSISTENT,,CONSISTENT,CONSISTENT,CONSISTENT,CONSISTENT,0.98,0,[]
CMP_00179,CONSISTENT,,CONSISTENT,CONSISTENT,CONSISTENT,CONSISTENT,0.98,0,[]
CMP_00180,CONSISTENT,,CONSISTENT,CONSISTENT,CONSISTENT,CONSISTENT,0.98,0,[]
CMP_00181,CONFLICT,IDENTITY_CONFLICT,CONFLICT,CONSISTENT,CONSISTENT,CONFLICT,0.9,1,"[{""conflict_type"": ""IDENTITY_CONFLICT"", ""severity"": ""HIGH"", ""evidence_sources"": [""ORDER"", ""SELLER"", ""WAREHOUSE"", ""RETURN""], ""interpretation"": ""Multi-source SKU mismatch: {'ORDER': 'FW-181', 'SELLER': 'FW-181', 'WAREHOUSE': 'FW-182', 'RETURN': 'FW-182'}""}]"
CMP_00182,CONFLICT,TEMPORAL_CONFLICT,CONSISTENT,CONSISTENT,CONFLICT,CONFLICT,0.95,3,"[{""conflict_type"": ""TEMPORAL_CONFLICT"", ""severity"": ""MEDIUM"", ""evidence_sources"": [""ORDER"", ""CARRIER""], ""interpretation"": ""Timeline inversion: ORDER (2026-01-15T09:00:00) occurred after CARRIER (2026-01-15T06:00:00).""}, {""conflict_type"": ""TEMPORAL_CONFLICT"", ""severity"": ""MEDIUM"", ""evidence_sources"": [""SELLER"", ""CARRIER""], ""interpretation"": ""Timeline inversion: SELLER (2026-01-15T10:30:00) occurred after CARRIER (2026-01-15T06:00:00).""}, {""conflict_type"": ""TEMPORAL_CONFLICT"", ""severity"": ""MEDIUM"", ""evidence_sources"": [""WAREHOUSE"", ""CARRIER""], ""interpretation"": ""Timeline inversion: WAREHOUSE (2026-01-16T08:00:00) occurred after CARRIER (2026-01-15T06:00:00).""}]"
CMP_00183,CONFLICT,IDENTITY_CONFLICT,CONFLICT,CONSISTENT,CONSISTENT,CONFLICT,0.9,1,"[{""conflict_type"": ""IDENTITY_CONFLICT"", ""severity"": ""HIGH"", ""evidence_sources"": [""ORDER"", ""SELLER"", ""WAREHOUSE"", ""RETURN""], ""interpretation"": ""Multi-source SKU mismatch: {'ORDER': 'AP-183', 'SELLER': 'AP-183', 'WAREHOUSE': 'AP-184', 'RETURN': 'AP-184'}""}]"
CMP_00184,CONFLICT,IDENTITY_CONFLICT,CONFLICT,CONSISTENT,CONSISTENT,CONFLICT,0.9,1,"[{""conflict_type"": ""IDENTITY_CONFLICT"", ""severity"": ""HIGH"", ""evidence_sources"": [""ORDER"", ""SELLER"", ""WAREHOUSE"", ""RETURN""], ""interpretation"": ""Multi-source SKU mismatch: {'ORDER': 'AP-184', 'SELLER': 'AP-184', 'WAREHOUSE': 'AP-185', 'RETURN': 'AP-185'}""}]"
CMP_00185,CONFLICT,TEMPORAL_CONFLICT,CONSISTENT,CONSISTENT,CONFLICT,CONFLICT,0.95,3,"[{""conflict_type"": ""TEMPORAL_CONFLICT"", ""severity"": ""MEDIUM"", ""evidence_sources"": [""ORDER"", ""CARRIER""], ""interpretation"": ""Timeline inversion: ORDER (2026-01-15T09:00:00) occurred after CARRIER (2026-01-15T06:00:00).""}, {""conflict_type"": ""TEMPORAL_CONFLICT"", ""severity"": ""MEDIUM"", ""evidence_sources"": [""SELLER"", ""CARRIER""], ""interpretation"": ""Timeline inversion: SELLER (2026-01-15T10:30:00) occurred after CARRIER (2026-01-15T06:00:00).""}, {""conflict_type"": ""TEMPORAL_CONFLICT"", ""severity"": ""MEDIUM"", ""evidence_sources"": [""WAREHOUSE"", ""CARRIER""], ""interpretation"": ""Timeline inversion: WAREHOUSE (2026-01-16T08:00:00) occurred after CARRIER (2026-01-15T06:00:00).""}]"
CMP_00186,CONFLICT,IDENTITY_CONFLICT,CONFLICT,CONSISTENT,CONSISTENT,CONFLICT,0.9,1,"[{""conflict_type"": ""IDENTITY_CONFLICT"", ""severity"": ""HIGH"", ""evidence_sources"": [""ORDER"", ""SELLER"", ""WAREHOUSE"", ""RETURN""], ""interpretation"": ""Multi-source SKU mismatch: {'ORDER': 'FW-186', 'SELLER': 'FW-186', 'WAREHOUSE': 'FW-187', 'RETURN': 'FW-187'}""}]"
CMP_00187,CONFLICT,WEIGHT_ANOMALY,CONSISTENT,CONFLICT,CONSISTENT,CONFLICT,0.9,1,"[{""conflict_type"": ""WEIGHT_ANOMALY"", ""severity"": ""HIGH"", ""evidence_sources"": [""WAREHOUSE"", ""RETURN""], ""measurement_outbound"": 650.0, ""measurement_return"": 162.0, ""variance"": ""75.1% drop"", ""interpretation"": ""Product weight loss of 75.1% between outbound (650.0g) and return (162.0g).""}]"
CMP_00188,CONFLICT,TEMPORAL_CONFLICT,CONSISTENT,CONSISTENT,CONFLICT,CONFLICT,0.95,3,"[{""conflict_type"": ""TEMPORAL_CONFLICT"", ""severity"": ""MEDIUM"", ""evidence_sources"": [""ORDER"", ""CARRIER""], ""interpretation"": ""Timeline inversion: ORDER (2026-01-15T09:00:00) occurred after CARRIER (2026-01-15T06:00:00).""}, {""conflict_type"": ""TEMPORAL_CONFLICT"", ""severity"": ""MEDIUM"", ""evidence_sources"": [""SELLER"", ""CARRIER""], ""interpretation"": ""Timeline inversion: SELLER (2026-01-15T10:30:00) occurred after CARRIER (2026-01-15T06:00:00).""}, {""conflict_type"": ""TEMPORAL_CONFLICT"", ""severity"": ""MEDIUM"", ""evidence_sources"": [""WAREHOUSE"", ""CARRIER""], ""interpretation"": ""Timeline inversion: WAREHOUSE (2026-01-16T08:00:00) occurred after CARRIER (2026-01-15T06:00:00).""}]"
CMP_00189,CONFLICT,IDENTITY_CONFLICT,CONFLICT,CONSISTENT,CONSISTENT,CONFLICT,0.9,1,"[{""conflict_type"": ""IDENTITY_CONFLICT"", ""severity"": ""HIGH"", ""evidence_sources"": [""ORDER"", ""SELLER"", ""WAREHOUSE"", ""RETURN""], ""interpretation"": ""Multi-source SKU mismatch: {'ORDER': 'AP-189', 'SELLER': 'AP-189', 'WAREHOUSE': 'AP-18:', 'RETURN': 'AP-18:'}""}]"
CMP_00190,CONFLICT,IDENTITY_CONFLICT,CONFLICT,CONSISTENT,CONSISTENT,CONFLICT,0.9,1,"[{""conflict_type"": ""IDENTITY_CONFLICT"", ""severity"": ""HIGH"", ""evidence_sources"": [""ORDER"", ""SELLER"", ""WAREHOUSE"", ""RETURN""], ""interpretation"": ""Multi-source SKU mismatch: {'ORDER': 'AP-190', 'SELLER': 'AP-190', 'WAREHOUSE': 'AP-191', 'RETURN': 'AP-191'}""}]"
CMP_00191,CONFLICT,IDENTITY_CONFLICT,CONFLICT,CONSISTENT,CONSISTENT,CONFLICT,0.9,1,"[{""conflict_type"": ""IDENTITY_CONFLICT"", ""severity"": ""HIGH"", ""evidence_sources"": [""ORDER"", ""SELLER"", ""WAREHOUSE"", ""RETURN""], ""interpretation"": ""Multi-source SKU mismatch: {'ORDER': 'AP-191', 'SELLER': 'AP-191', 'WAREHOUSE': 'AP-192', 'RETURN': 'AP-192'}""}]"
CMP_00192,CONSISTENT,,CONSISTENT,CONSISTENT,CONSISTENT,CONSISTENT,0.98,0,[]
CMP_00193,CONFLICT,WEIGHT_ANOMALY,CONSISTENT,CONFLICT,CONSISTENT,CONFLICT,0.9,1,"[{""conflict_type"": ""WEIGHT_ANOMALY"", ""severity"": ""HIGH"", ""evidence_sources"": [""WAREHOUSE"", ""RETURN""], ""measurement_outbound"": 650.0, ""measurement_return"": 162.0, ""variance"": ""75.1% drop"", ""interpretation"": ""Product weight loss of 75.1% between outbound (650.0g) and return (162.0g).""}]"
CMP_00194,CONSISTENT,,CONSISTENT,CONSISTENT,CONSISTENT,CONSISTENT,0.98,0,[]
CMP_00195,CONSISTENT,,CONSISTENT,CONSISTENT,CONSISTENT,CONSISTENT,0.98,0,[]
CMP_00196,CONFLICT,WEIGHT_ANOMALY,CONSISTENT,CONFLICT,CONSISTENT,CONFLICT,0.9,1,"[{""conflict_type"": ""WEIGHT_ANOMALY"", ""severity"": ""HIGH"", ""evidence_sources"": [""WAREHOUSE"", ""RETURN""], ""measurement_outbound"": 650.0, ""measurement_return"": 162.0, ""variance"": ""75.1% drop"", ""interpretation"": ""Product weight loss of 75.1% between outbound (650.0g) and return (162.0g).""}]"
CMP_00197,CONFLICT,WEIGHT_ANOMALY,CONSISTENT,CONFLICT,CONSISTENT,CONFLICT,0.9,1,"[{""conflict_type"": ""WEIGHT_ANOMALY"", ""severity"": ""HIGH"", ""evidence_sources"": [""WAREHOUSE"", ""RETURN""], ""measurement_outbound"": 500.0, ""measurement_return"": 125.0, ""variance"": ""75.0% drop"", ""interpretation"": ""Product weight loss of 75.0% between outbound (500.0g) and return (125.0g).""}]"
CMP_00198,CONSISTENT,,CONSISTENT,CONSISTENT,CONSISTENT,CONSISTENT,0.98,0,[]
CMP_00199,CONFLICT,WEIGHT_ANOMALY,CONSISTENT,CONFLICT,CONSISTENT,CONFLICT,0.9,1,"[{""conflict_type"": ""WEIGHT_ANOMALY"", ""severity"": ""HIGH"", ""evidence_sources"": [""WAREHOUSE"", ""RETURN""], ""measurement_outbound"": 1800.0, ""measurement_return"": 450.0, ""variance"": ""75.0% drop"", ""interpretation"": ""Product weight loss of 75.0% between outbound (1800.0g) and return (450.0g).""}]"
CMP_00200,CONFLICT,IDENTITY_CONFLICT,CONFLICT,CONSISTENT,CONSISTENT,CONFLICT,0.9,1,"[{""conflict_type"": ""IDENTITY_CONFLICT"", ""severity"": ""HIGH"", ""evidence_sources"": [""ORDER"", ""SELLER"", ""WAREHOUSE"", ""RETURN""], ""interpretation"": ""Multi-source SKU mismatch: {'ORDER': 'FW-200', 'SELLER': 'FW-200', 'WAREHOUSE': 'FW-201', 'RETURN': 'FW-201'}""}]"
CMP_00201,CONFLICT,IDENTITY_CONFLICT,CONFLICT,CONSISTENT,CONSISTENT,CONFLICT,0.9,1,"[{""conflict_type"": ""IDENTITY_CONFLICT"", ""severity"": ""HIGH"", ""evidence_sources"": [""ORDER"", ""SELLER"", ""WAREHOUSE"", ""RETURN""], ""interpretation"": ""Multi-source SKU mismatch: {'ORDER': 'AP-201', 'SELLER': 'AP-201', 'WAREHOUSE': 'AP-202', 'RETURN': 'AP-202'}""}]"
CMP_00202,CONFLICT,IDENTITY_CONFLICT,CONFLICT,CONSISTENT,CONSISTENT,CONFLICT,0.9,1,"[{""conflict_type"": ""IDENTITY_CONFLICT"", ""severity"": ""HIGH"", ""evidence_sources"": [""ORDER"", ""SELLER"", ""WAREHOUSE"", ""RETURN""], ""interpretation"": ""Multi-source SKU mismatch: {'ORDER': 'AP-202', 'SELLER': 'AP-202', 'WAREHOUSE': 'AP-203', 'RETURN': 'AP-203'}""}]"
CMP_00203,CONSISTENT,,CONSISTENT,CONSISTENT,CONSISTENT,CONSISTENT,0.98,0,[]
CMP_00204,CONSISTENT,,CONSISTENT,CONSISTENT,CONSISTENT,CONSISTENT,0.98,0,[]
CMP_00205,CONSISTENT,,CONSISTENT,CONSISTENT,CONSISTENT,CONSISTENT,0.98,0,[]
CMP_00206,CONSISTENT,,CONSISTENT,CONSISTENT,CONSISTENT,CONSISTENT,0.98,0,[]
CMP_00207,CONFLICT,IDENTITY_CONFLICT,CONFLICT,CONSISTENT,CONSISTENT,CONFLICT,0.9,1,"[{""conflict_type"": ""IDENTITY_CONFLICT"", ""severity"": ""HIGH"", ""evidence_sources"": [""ORDER"", ""SELLER"", ""WAREHOUSE"", ""RETURN""], ""interpretation"": ""Multi-source SKU mismatch: {'ORDER': 'AP-207', 'SELLER': 'AP-207', 'WAREHOUSE': 'AP-208', 'RETURN': 'AP-208'}""}]"
CMP_00208,CONFLICT,TEMPORAL_CONFLICT,CONSISTENT,CONSISTENT,CONFLICT,CONFLICT,0.95,3,"[{""conflict_type"": ""TEMPORAL_CONFLICT"", ""severity"": ""MEDIUM"", ""evidence_sources"": [""ORDER"", ""CARRIER""], ""interpretation"": ""Timeline inversion: ORDER (2026-01-15T09:00:00) occurred after CARRIER (2026-01-15T06:00:00).""}, {""conflict_type"": ""TEMPORAL_CONFLICT"", ""severity"": ""MEDIUM"", ""evidence_sources"": [""SELLER"", ""CARRIER""], ""interpretation"": ""Timeline inversion: SELLER (2026-01-15T10:30:00) occurred after CARRIER (2026-01-15T06:00:00).""}, {""conflict_type"": ""TEMPORAL_CONFLICT"", ""severity"": ""MEDIUM"", ""evidence_sources"": [""WAREHOUSE"", ""CARRIER""], ""interpretation"": ""Timeline inversion: WAREHOUSE (2026-01-16T08:00:00) occurred after CARRIER (2026-01-15T06:00:00).""}]"
CMP_00209,CONSISTENT,,CONSISTENT,CONSISTENT,CONSISTENT,CONSISTENT,0.98,0,[]
CMP_00210,CONFLICT,WEIGHT_ANOMALY,CONSISTENT,CONFLICT,CONSISTENT,CONFLICT,0.9,1,"[{""conflict_type"": ""WEIGHT_ANOMALY"", ""severity"": ""HIGH"", ""evidence_sources"": [""WAREHOUSE"", ""RETURN""], ""measurement_outbound"": 650.0, ""measurement_return"": 162.0, ""variance"": ""75.1% drop"", ""interpretation"": ""Product weight loss of 75.1% between outbound (650.0g) and return (162.0g).""}]"
CMP_00211,CONFLICT,IDENTITY_CONFLICT,CONFLICT,CONSISTENT,CONSISTENT,CONFLICT,0.9,1,"[{""conflict_type"": ""IDENTITY_CONFLICT"", ""severity"": ""HIGH"", ""evidence_sources"": [""ORDER"", ""SELLER"", ""WAREHOUSE"", ""RETURN""], ""interpretation"": ""Multi-source SKU mismatch: {'ORDER': 'AP-211', 'SELLER': 'AP-211', 'WAREHOUSE': 'AP-212', 'RETURN': 'AP-212'}""}]"
CMP_00212,CONFLICT,WEIGHT_ANOMALY,CONSISTENT,CONFLICT,CONSISTENT,CONFLICT,0.9,1,"[{""conflict_type"": ""WEIGHT_ANOMALY"", ""severity"": ""HIGH"", ""evidence_sources"": [""WAREHOUSE"", ""RETURN""], ""measurement_outbound"": 650.0, ""measurement_return"": 162.0, ""variance"": ""75.1% drop"", ""interpretation"": ""Product weight loss of 75.1% between outbound (650.0g) and return (162.0g).""}]"
CMP_00213,CONSISTENT,,CONSISTENT,CONSISTENT,CONSISTENT,CONSISTENT,0.98,0,[]
CMP_00214,CONSISTENT,,CONSISTENT,CONSISTENT,CONSISTENT,CONSISTENT,0.98,0,[]
CMP_00215,CONSISTENT,,CONSISTENT,CONSISTENT,CONSISTENT,CONSISTENT,0.98,0,[]
CMP_00216,CONSISTENT,,CONSISTENT,CONSISTENT,CONSISTENT,CONSISTENT,0.98,0,[]
CMP_00217,CONFLICT,IDENTITY_CONFLICT,CONFLICT,CONSISTENT,CONSISTENT,CONFLICT,0.9,1,"[{""conflict_type"": ""IDENTITY_CONFLICT"", ""severity"": ""HIGH"", ""evidence_sources"": [""ORDER"", ""SELLER"", ""WAREHOUSE"", ""RETURN""], ""interpretation"": ""Multi-source SKU mismatch: {'ORDER': 'AP-217', 'SELLER': 'AP-217', 'WAREHOUSE': 'AP-218', 'RETURN': 'AP-218'}""}]"
CMP_00218,CONFLICT,IDENTITY_CONFLICT,CONFLICT,CONSISTENT,CONSISTENT,CONFLICT,0.9,1,"[{""conflict_type"": ""IDENTITY_CONFLICT"", ""severity"": ""HIGH"", ""evidence_sources"": [""ORDER"", ""SELLER"", ""WAREHOUSE"", ""RETURN""], ""interpretation"": ""Multi-source SKU mismatch: {'ORDER': 'FW-218', 'SELLER': 'FW-218', 'WAREHOUSE': 'FW-219', 'RETURN': 'FW-219'}""}]"
CMP_00219,CONFLICT,IDENTITY_CONFLICT,CONFLICT,CONSISTENT,CONSISTENT,CONFLICT,0.9,1,"[{""conflict_type"": ""IDENTITY_CONFLICT"", ""severity"": ""HIGH"", ""evidence_sources"": [""ORDER"", ""SELLER"", ""WAREHOUSE"", ""RETURN""], ""interpretation"": ""Multi-source SKU mismatch: {'ORDER': 'AP-219', 'SELLER': 'AP-219', 'WAREHOUSE': 'AP-21:', 'RETURN': 'AP-21:'}""}]"
CMP_00220,CONFLICT,WEIGHT_ANOMALY,CONSISTENT,CONFLICT,CONSISTENT,CONFLICT,0.9,1,"[{""conflict_type"": ""WEIGHT_ANOMALY"", ""severity"": ""HIGH"", ""evidence_sources"": [""WAREHOUSE"", ""RETURN""], ""measurement_outbound"": 650.0, ""measurement_return"": 162.0, ""variance"": ""75.1% drop"", ""interpretation"": ""Product weight loss of 75.1% between outbound (650.0g) and return (162.0g).""}]"
CMP_00221,CONFLICT,IDENTITY_CONFLICT,CONFLICT,CONSISTENT,CONSISTENT,CONFLICT,0.9,1,"[{""conflict_type"": ""IDENTITY_CONFLICT"", ""severity"": ""HIGH"", ""evidence_sources"": [""ORDER"", ""SELLER"", ""WAREHOUSE"", ""RETURN""], ""interpretation"": ""Multi-source SKU mismatch: {'ORDER': 'AP-221', 'SELLER': 'AP-221', 'WAREHOUSE': 'AP-222', 'RETURN': 'AP-222'}""}]"
CMP_00222,CONSISTENT,,CONSISTENT,CONSISTENT,CONSISTENT,CONSISTENT,0.98,0,[]
CMP_00223,CONSISTENT,,CONSISTENT,CONSISTENT,CONSISTENT,CONSISTENT,0.98,0,[]
CMP_00224,CONFLICT,WEIGHT_ANOMALY,CONSISTENT,CONFLICT,CONSISTENT,CONFLICT,0.9,1,"[{""conflict_type"": ""WEIGHT_ANOMALY"", ""severity"": ""HIGH"", ""evidence_sources"": [""WAREHOUSE"", ""RETURN""], ""measurement_outbound"": 650.0, ""measurement_return"": 162.0, ""variance"": ""75.1% drop"", ""interpretation"": ""Product weight loss of 75.1% between outbound (650.0g) and return (162.0g).""}]"
CMP_00225,CONFLICT,IDENTITY_CONFLICT,CONFLICT,CONSISTENT,CONSISTENT,CONFLICT,0.9,1,"[{""conflict_type"": ""IDENTITY_CONFLICT"", ""severity"": ""HIGH"", ""evidence_sources"": [""ORDER"", ""SELLER"", ""WAREHOUSE"", ""RETURN""], ""interpretation"": ""Multi-source SKU mismatch: {'ORDER': 'EL-225', 'SELLER': 'EL-225', 'WAREHOUSE': 'EL-226', 'RETURN': 'EL-226'}""}]"
CMP_00226,CONSISTENT,,CONSISTENT,CONSISTENT,CONSISTENT,CONSISTENT,0.98,0,[]
CMP_00227,CONFLICT,IDENTITY_CONFLICT,CONFLICT,CONSISTENT,CONSISTENT,CONFLICT,0.9,1,"[{""conflict_type"": ""IDENTITY_CONFLICT"", ""severity"": ""HIGH"", ""evidence_sources"": [""ORDER"", ""SELLER"", ""WAREHOUSE"", ""RETURN""], ""interpretation"": ""Multi-source SKU mismatch: {'ORDER': 'GN-227', 'SELLER': 'GN-227', 'WAREHOUSE': 'GN-228', 'RETURN': 'GN-228'}""}]"
CMP_00228,CONFLICT,TEMPORAL_CONFLICT,CONSISTENT,CONSISTENT,CONFLICT,CONFLICT,0.95,3,"[{""conflict_type"": ""TEMPORAL_CONFLICT"", ""severity"": ""MEDIUM"", ""evidence_sources"": [""ORDER"", ""CARRIER""], ""interpretation"": ""Timeline inversion: ORDER (2026-01-15T09:00:00) occurred after CARRIER (2026-01-15T06:00:00).""}, {""conflict_type"": ""TEMPORAL_CONFLICT"", ""severity"": ""MEDIUM"", ""evidence_sources"": [""SELLER"", ""CARRIER""], ""interpretation"": ""Timeline inversion: SELLER (2026-01-15T10:30:00) occurred after CARRIER (2026-01-15T06:00:00).""}, {""conflict_type"": ""TEMPORAL_CONFLICT"", ""severity"": ""MEDIUM"", ""evidence_sources"": [""WAREHOUSE"", ""CARRIER""], ""interpretation"": ""Timeline inversion: WAREHOUSE (2026-01-16T08:00:00) occurred after CARRIER (2026-01-15T06:00:00).""}]"
CMP_00229,CONSISTENT,,CONSISTENT,CONSISTENT,CONSISTENT,CONSISTENT,0.98,0,[]
CMP_00230,CONSISTENT,,CONSISTENT,CONSISTENT,CONSISTENT,CONSISTENT,0.98,0,[]
CMP_00231,CONSISTENT,,CONSISTENT,CONSISTENT,CONSISTENT,CONSISTENT,0.98,0,[]
CMP_00232,CONFLICT,IDENTITY_CONFLICT,CONFLICT,CONSISTENT,CONSISTENT,CONFLICT,0.9,1,"[{""conflict_type"": ""IDENTITY_CONFLICT"", ""severity"": ""HIGH"", ""evidence_sources"": [""ORDER"", ""SELLER"", ""WAREHOUSE"", ""RETURN""], ""interpretation"": ""Multi-source SKU mismatch: {'ORDER': 'GN-232', 'SELLER': 'GN-232', 'WAREHOUSE': 'GN-233', 'RETURN': 'GN-233'}""}]"
CMP_00233,CONFLICT,IDENTITY_CONFLICT,CONFLICT,CONSISTENT,CONSISTENT,CONFLICT,0.9,1,"[{""conflict_type"": ""IDENTITY_CONFLICT"", ""severity"": ""HIGH"", ""evidence_sources"": [""ORDER"", ""SELLER"", ""WAREHOUSE"", ""RETURN""], ""interpretation"": ""Multi-source SKU mismatch: {'ORDER': 'AP-233', 'SELLER': 'AP-233', 'WAREHOUSE': 'AP-234', 'RETURN': 'AP-234'}""}]"
CMP_00234,CONFLICT,WEIGHT_ANOMALY,CONSISTENT,CONFLICT,CONSISTENT,CONFLICT,0.9,1,"[{""conflict_type"": ""WEIGHT_ANOMALY"", ""severity"": ""HIGH"", ""evidence_sources"": [""WAREHOUSE"", ""RETURN""], ""measurement_outbound"": 650.0, ""measurement_return"": 162.0, ""variance"": ""75.1% drop"", ""interpretation"": ""Product weight loss of 75.1% between outbound (650.0g) and return (162.0g).""}]"
CMP_00235,CONSISTENT,,CONSISTENT,CONSISTENT,CONSISTENT,CONSISTENT,0.98,0,[]
CMP_00236,CONSISTENT,,CONSISTENT,CONSISTENT,CONSISTENT,CONSISTENT,0.98,0,[]
CMP_00237,CONSISTENT,,CONSISTENT,CONSISTENT,CONSISTENT,CONSISTENT,0.98,0,[]
CMP_00238,CONSISTENT,,CONSISTENT,CONSISTENT,CONSISTENT,CONSISTENT,0.98,0,[]
CMP_00239,CONFLICT,IDENTITY_CONFLICT,CONFLICT,CONSISTENT,CONSISTENT,CONFLICT,0.9,1,"[{""conflict_type"": ""IDENTITY_CONFLICT"", ""severity"": ""HIGH"", ""evidence_sources"": [""ORDER"", ""SELLER"", ""WAREHOUSE"", ""RETURN""], ""interpretation"": ""Multi-source SKU mismatch: {'ORDER': 'FW-239', 'SELLER': 'FW-239', 'WAREHOUSE': 'FW-23:', 'RETURN': 'FW-23:'}""}]"
CMP_00240,CONSISTENT,,CONSISTENT,CONSISTENT,CONSISTENT,CONSISTENT,0.98,0,[]
CMP_00241,CONFLICT,WEIGHT_ANOMALY,CONSISTENT,CONFLICT,CONSISTENT,CONFLICT,0.9,1,"[{""conflict_type"": ""WEIGHT_ANOMALY"", ""severity"": ""HIGH"", ""evidence_sources"": [""WAREHOUSE"", ""RETURN""], ""measurement_outbound"": 650.0, ""measurement_return"": 162.0, ""variance"": ""75.1% drop"", ""interpretation"": ""Product weight loss of 75.1% between outbound (650.0g) and return (162.0g).""}]"
CMP_00242,CONFLICT,IDENTITY_CONFLICT,CONFLICT,CONSISTENT,CONSISTENT,CONFLICT,0.9,1,"[{""conflict_type"": ""IDENTITY_CONFLICT"", ""severity"": ""HIGH"", ""evidence_sources"": [""ORDER"", ""SELLER"", ""WAREHOUSE"", ""RETURN""], ""interpretation"": ""Multi-source SKU mismatch: {'ORDER': 'AP-242', 'SELLER': 'AP-242', 'WAREHOUSE': 'AP-243', 'RETURN': 'AP-243'}""}]"
CMP_00243,CONFLICT,WEIGHT_ANOMALY,CONSISTENT,CONFLICT,CONSISTENT,CONFLICT,0.9,1,"[{""conflict_type"": ""WEIGHT_ANOMALY"", ""severity"": ""HIGH"", ""evidence_sources"": [""WAREHOUSE"", ""RETURN""], ""measurement_outbound"": 650.0, ""measurement_return"": 162.0, ""variance"": ""75.1% drop"", ""interpretation"": ""Product weight loss of 75.1% between outbound (650.0g) and return (162.0g).""}]"
CMP_00244,CONSISTENT,,CONSISTENT,CONSISTENT,CONSISTENT,CONSISTENT,0.98,0,[]
CMP_00245,CONFLICT,WEIGHT_ANOMALY,CONSISTENT,CONFLICT,CONSISTENT,CONFLICT,0.9,1,"[{""conflict_type"": ""WEIGHT_ANOMALY"", ""severity"": ""HIGH"", ""evidence_sources"": [""WAREHOUSE"", ""RETURN""], ""measurement_outbound"": 1800.0, ""measurement_return"": 450.0, ""variance"": ""75.0% drop"", ""interpretation"": ""Product weight loss of 75.0% between outbound (1800.0g) and return (450.0g).""}]"
CMP_00246,CONFLICT,WEIGHT_ANOMALY,CONSISTENT,CONFLICT,CONSISTENT,CONFLICT,0.9,1,"[{""conflict_type"": ""WEIGHT_ANOMALY"", ""severity"": ""HIGH"", ""evidence_sources"": [""WAREHOUSE"", ""RETURN""], ""measurement_outbound"": 280.0, ""measurement_return"": 70.0, ""variance"": ""75.0% drop"", ""interpretation"": ""Product weight loss of 75.0% between outbound (280.0g) and return (70.0g).""}]"
CMP_00247,CONFLICT,TEMPORAL_CONFLICT,CONSISTENT,CONSISTENT,CONFLICT,CONFLICT,0.95,3,"[{""conflict_type"": ""TEMPORAL_CONFLICT"", ""severity"": ""MEDIUM"", ""evidence_sources"": [""ORDER"", ""CARRIER""], ""interpretation"": ""Timeline inversion: ORDER (2026-01-15T09:00:00) occurred after CARRIER (2026-01-15T06:00:00).""}, {""conflict_type"": ""TEMPORAL_CONFLICT"", ""severity"": ""MEDIUM"", ""evidence_sources"": [""SELLER"", ""CARRIER""], ""interpretation"": ""Timeline inversion: SELLER (2026-01-15T10:30:00) occurred after CARRIER (2026-01-15T06:00:00).""}, {""conflict_type"": ""TEMPORAL_CONFLICT"", ""severity"": ""MEDIUM"", ""evidence_sources"": [""WAREHOUSE"", ""CARRIER""], ""interpretation"": ""Timeline inversion: WAREHOUSE (2026-01-16T08:00:00) occurred after CARRIER (2026-01-15T06:00:00).""}]"
CMP_00248,CONSISTENT,,CONSISTENT,CONSISTENT,CONSISTENT,CONSISTENT,0.98,0,[]
CMP_00249,CONFLICT,IDENTITY_CONFLICT,CONFLICT,CONSISTENT,CONSISTENT,CONFLICT,0.9,1,"[{""conflict_type"": ""IDENTITY_CONFLICT"", ""severity"": ""HIGH"", ""evidence_sources"": [""ORDER"", ""SELLER"", ""WAREHOUSE"", ""RETURN""], ""interpretation"": ""Multi-source SKU mismatch: {'ORDER': 'AP-249', 'SELLER': 'AP-249', 'WAREHOUSE': 'AP-24:', 'RETURN': 'AP-24:'}""}]"
CMP_00250,CONFLICT,WEIGHT_ANOMALY,CONSISTENT,CONFLICT,CONSISTENT,CONFLICT,0.9,1,"[{""conflict_type"": ""WEIGHT_ANOMALY"", ""severity"": ""HIGH"", ""evidence_sources"": [""WAREHOUSE"", ""RETURN""], ""measurement_outbound"": 650.0, ""measurement_return"": 162.0, ""variance"": ""75.1% drop"", ""interpretation"": ""Product weight loss of 75.1% between outbound (650.0g) and return (162.0g).""}]"
CMP_00251,CONFLICT,WEIGHT_ANOMALY,CONSISTENT,CONFLICT,CONSISTENT,CONFLICT,0.9,1,"[{""conflict_type"": ""WEIGHT_ANOMALY"", ""severity"": ""HIGH"", ""evidence_sources"": [""WAREHOUSE"", ""RETURN""], ""measurement_outbound"": 650.0, ""measurement_return"": 162.0, ""variance"": ""75.1% drop"", ""interpretation"": ""Product weight loss of 75.1% between outbound (650.0g) and return (162.0g).""}]"
CMP_00252,CONSISTENT,,CONSISTENT,CONSISTENT,CONSISTENT,CONSISTENT,0.98,0,[]
CMP_00253,CONFLICT,IDENTITY_CONFLICT,CONFLICT,CONSISTENT,CONSISTENT,CONFLICT,0.9,1,"[{""conflict_type"": ""IDENTITY_CONFLICT"", ""severity"": ""HIGH"", ""evidence_sources"": [""ORDER"", ""SELLER"", ""WAREHOUSE"", ""RETURN""], ""interpretation"": ""Multi-source SKU mismatch: {'ORDER': 'FW-253', 'SELLER': 'FW-253', 'WAREHOUSE': 'FW-254', 'RETURN': 'FW-254'}""}]"
CMP_00254,CONSISTENT,,CONSISTENT,CONSISTENT,CONSISTENT,CONSISTENT,0.98,0,[]
CMP_00255,CONSISTENT,,CONSISTENT,CONSISTENT,CONSISTENT,CONSISTENT,0.98,0,[]
CMP_00256,CONSISTENT,,CONSISTENT,CONSISTENT,CONSISTENT,CONSISTENT,0.98,0,[]
CMP_00257,CONSISTENT,,CONSISTENT,CONSISTENT,CONSISTENT,CONSISTENT,0.98,0,[]
CMP_00258,CONFLICT,TEMPORAL_CONFLICT,CONSISTENT,CONSISTENT,CONFLICT,CONFLICT,0.95,3,"[{""conflict_type"": ""TEMPORAL_CONFLICT"", ""severity"": ""MEDIUM"", ""evidence_sources"": [""ORDER"", ""CARRIER""], ""interpretation"": ""Timeline inversion: ORDER (2026-01-15T09:00:00) occurred after CARRIER (2026-01-15T06:00:00).""}, {""conflict_type"": ""TEMPORAL_CONFLICT"", ""severity"": ""MEDIUM"", ""evidence_sources"": [""SELLER"", ""CARRIER""], ""interpretation"": ""Timeline inversion: SELLER (2026-01-15T10:30:00) occurred after CARRIER (2026-01-15T06:00:00).""}, {""conflict_type"": ""TEMPORAL_CONFLICT"", ""severity"": ""MEDIUM"", ""evidence_sources"": [""WAREHOUSE"", ""CARRIER""], ""interpretation"": ""Timeline inversion: WAREHOUSE (2026-01-16T08:00:00) occurred after CARRIER (2026-01-15T06:00:00).""}]"
CMP_00259,CONFLICT,IDENTITY_CONFLICT,CONFLICT,CONSISTENT,CONSISTENT,CONFLICT,0.9,1,"[{""conflict_type"": ""IDENTITY_CONFLICT"", ""severity"": ""HIGH"", ""evidence_sources"": [""ORDER"", ""SELLER"", ""WAREHOUSE"", ""RETURN""], ""interpretation"": ""Multi-source SKU mismatch: {'ORDER': 'AP-259', 'SELLER': 'AP-259', 'WAREHOUSE': 'AP-25:', 'RETURN': 'AP-25:'}""}]"
CMP_00260,CONSISTENT,,CONSISTENT,CONSISTENT,CONSISTENT,CONSISTENT,0.98,0,[]
CMP_00261,CONSISTENT,,CONSISTENT,CONSISTENT,CONSISTENT,CONSISTENT,0.98,0,[]
CMP_00262,CONSISTENT,,CONSISTENT,CONSISTENT,CONSISTENT,CONSISTENT,0.98,0,[]
CMP_00263,CONFLICT,WEIGHT_ANOMALY,CONSISTENT,CONFLICT,CONSISTENT,CONFLICT,0.9,1,"[{""conflict_type"": ""WEIGHT_ANOMALY"", ""severity"": ""HIGH"", ""evidence_sources"": [""WAREHOUSE"", ""RETURN""], ""measurement_outbound"": 650.0, ""measurement_return"": 162.0, ""variance"": ""75.1% drop"", ""interpretation"": ""Product weight loss of 75.1% between outbound (650.0g) and return (162.0g).""}]"
CMP_00264,CONSISTENT,,CONSISTENT,CONSISTENT,CONSISTENT,CONSISTENT,0.98,0,[]
CMP_00265,CONFLICT,IDENTITY_CONFLICT,CONFLICT,CONSISTENT,CONSISTENT,CONFLICT,0.9,1,"[{""conflict_type"": ""IDENTITY_CONFLICT"", ""severity"": ""HIGH"", ""evidence_sources"": [""ORDER"", ""SELLER"", ""WAREHOUSE"", ""RETURN""], ""interpretation"": ""Multi-source SKU mismatch: {'ORDER': 'EL-265', 'SELLER': 'EL-265', 'WAREHOUSE': 'EL-266', 'RETURN': 'EL-266'}""}]"
CMP_00266,CONFLICT,IDENTITY_CONFLICT,CONFLICT,CONSISTENT,CONSISTENT,CONFLICT,0.9,1,"[{""conflict_type"": ""IDENTITY_CONFLICT"", ""severity"": ""HIGH"", ""evidence_sources"": [""ORDER"", ""SELLER"", ""WAREHOUSE"", ""RETURN""], ""interpretation"": ""Multi-source SKU mismatch: {'ORDER': 'AP-266', 'SELLER': 'AP-266', 'WAREHOUSE': 'AP-267', 'RETURN': 'AP-267'}""}]"
CMP_00267,CONFLICT,IDENTITY_CONFLICT,CONFLICT,CONSISTENT,CONSISTENT,CONFLICT,0.9,1,"[{""conflict_type"": ""IDENTITY_CONFLICT"", ""severity"": ""HIGH"", ""evidence_sources"": [""ORDER"", ""SELLER"", ""WAREHOUSE"", ""RETURN""], ""interpretation"": ""Multi-source SKU mismatch: {'ORDER': 'FW-267', 'SELLER': 'FW-267', 'WAREHOUSE': 'FW-268', 'RETURN': 'FW-268'}""}]"
CMP_00268,CONSISTENT,,CONSISTENT,CONSISTENT,CONSISTENT,CONSISTENT,0.98,0,[]
CMP_00269,CONFLICT,IDENTITY_CONFLICT,CONFLICT,CONSISTENT,CONSISTENT,CONFLICT,0.9,1,"[{""conflict_type"": ""IDENTITY_CONFLICT"", ""severity"": ""HIGH"", ""evidence_sources"": [""ORDER"", ""SELLER"", ""WAREHOUSE"", ""RETURN""], ""interpretation"": ""Multi-source SKU mismatch: {'ORDER': 'AP-269', 'SELLER': 'AP-269', 'WAREHOUSE': 'AP-26:', 'RETURN': 'AP-26:'}""}]"
CMP_00270,CONSISTENT,,CONSISTENT,CONSISTENT,CONSISTENT,CONSISTENT,0.98,0,[]
CMP_00271,CONSISTENT,,CONSISTENT,CONSISTENT,CONSISTENT,CONSISTENT,0.98,0,[]
