source_name,record_count,percentage,accessibility,rights
Reddit (r/ConsumerRights),94,8.95,Public Web / Open Forum Archive,Public Consumer Grievance Disclosure (Fair Use Academic Research)
ConsumerComplaints.in Public Feed,85,8.1,Public Web / Open Forum Archive,Public Consumer Grievance Disclosure (Fair Use Academic Research)
Reddit (r/Flipkart),82,7.81,Public Web / Open Forum Archive,Public Consumer Grievance Disclosure (Fair Use Academic Research)
Public Consumer Forum Archive (Voxya/NCH),81,7.71,Public Web / Open Forum Archive,Public Consumer Grievance Disclosure (Fair Use Academic Research)
LinkedIn Public Consumer Grievance,80,7.62,Public Web / Open Forum Archive,Public Consumer Grievance Disclosure (Fair Use Academic Research)
Original Corpus (Facebook),76,7.24,Public Web / Open Forum Archive,Public Consumer Grievance Disclosure (Fair Use Academic Research)
X / Twitter Public Dispute Thread,73,6.95,Public Web / Open Forum Archive,Public Consumer Grievance Disclosure (Fair Use Academic Research)
Reddit (r/myntra),73,6.95,Public Web / Open Forum Archive,Public Consumer Grievance Disclosure (Fair Use Academic Research)
Reddit (r/IndianFashionAddicts),73,6.95,Public Web / Open Forum Archive,Public Consumer Grievance Disclosure (Fair Use Academic Research)
Reddit (r/LegalAdviceIndia),72,6.86,Public Web / Open Forum Archive,Public Consumer Grievance Disclosure (Fair Use Academic Research)
Reddit (r/meesho),66,6.29,Public Web / Open Forum Archive,Public Consumer Grievance Disclosure (Fair Use Academic Research)
Original Corpus (X (Twitter)),55,5.24,Public Web / Open Forum Archive,Public Consumer Grievance Disclosure (Fair Use Academic Research)
Original Corpus (Reddit),50,4.76,Public Web / Open Forum Archive,Public Consumer Grievance Disclosure (Fair Use Academic Research)
Original Corpus (LinkedIn),50,4.76,Public Web / Open Forum Archive,Public Consumer Grievance Disclosure (Fair Use Academic Research)
Original Corpus (Instagram),40,3.81,Public Web / Open Forum Archive,Public Consumer Grievance Disclosure (Fair Use Academic Research)
